<?xml version="1.0" encoding="UTF-8"?>
<objects serializationModel="Studio.02.02.00">
	<object class="Event" id="{028c4aa5-39ea-4b17-813b-fdec1293e1ad}">
		<property name="name">
			<value>SFX_UI_Button</value>
		</property>
		<property name="outputFormat">
			<value>0</value>
		</property>
		<relationship name="folder">
			<destination>{4bb7bc25-57bf-4075-9f97-a7e43fa2a040}</destination>
		</relationship>
		<relationship name="mixer">
			<destination>{54ec1aeb-86da-4842-b83a-dd55fcd65911}</destination>
		</relationship>
		<relationship name="masterTrack">
			<destination>{a82ea1a5-f717-4dfb-88fa-56014691f721}</destination>
		</relationship>
		<relationship name="mixerInput">
			<destination>{d7e625bc-ccce-4460-a22e-192e306db0fc}</destination>
		</relationship>
		<relationship name="automatableProperties">
			<destination>{57760fbc-e655-4f8f-9172-87a6f5f78484}</destination>
		</relationship>
		<relationship name="markerTracks">
			<destination>{0a9e67d0-b988-4353-aeb0-dfedb10103a7}</destination>
		</relationship>
		<relationship name="timeline">
			<destination>{d1832dde-d1d0-4f18-83e3-5299af2eca1c}</destination>
		</relationship>
		<relationship name="parameters">
			<destination>{a525cef2-f125-4c80-abb2-15fbf0e1d3c0}</destination>
		</relationship>
		<relationship name="banks">
			<destination>{613cb608-2548-4094-ac12-cc35b25f859e}</destination>
		</relationship>
	</object>
	<object class="EventMixer" id="{54ec1aeb-86da-4842-b83a-dd55fcd65911}">
		<relationship name="masterBus">
			<destination>{1a94125b-beb0-4db3-8140-891ecb5a0025}</destination>
		</relationship>
	</object>
	<object class="MasterTrack" id="{a82ea1a5-f717-4dfb-88fa-56014691f721}">
		<relationship name="modules">
			<destination>{5dcc6e35-5407-4b79-b1ea-003155a17fa7}</destination>
		</relationship>
		<relationship name="mixerGroup">
			<destination>{1a94125b-beb0-4db3-8140-891ecb5a0025}</destination>
		</relationship>
	</object>
	<object class="MixerInput" id="{d7e625bc-ccce-4460-a22e-192e306db0fc}">
		<relationship name="effectChain">
			<destination>{6f9ef43a-6b3a-4bda-992c-09dff1157b0b}</destination>
		</relationship>
		<relationship name="panner">
			<destination>{5045e94a-6863-45cf-b92f-d7c8bac54227}</destination>
		</relationship>
		<relationship name="output">
			<destination>{30cfe73f-e63a-4446-b440-2fc2bdae230c}</destination>
		</relationship>
	</object>
	<object class="EventAutomatableProperties" id="{57760fbc-e655-4f8f-9172-87a6f5f78484}" />
	<object class="MarkerTrack" id="{0a9e67d0-b988-4353-aeb0-dfedb10103a7}" />
	<object class="Timeline" id="{d1832dde-d1d0-4f18-83e3-5299af2eca1c}">
		<property name="isProxyEnabled">
			<value>false</value>
		</property>
	</object>
	<object class="ActionSheet" id="{a525cef2-f125-4c80-abb2-15fbf0e1d3c0}">
		<relationship name="modules">
			<destination>{5dcc6e35-5407-4b79-b1ea-003155a17fa7}</destination>
		</relationship>
	</object>
	<object class="EventMixerMaster" id="{1a94125b-beb0-4db3-8140-891ecb5a0025}">
		<relationship name="effectChain">
			<destination>{75b4c3c6-587a-403f-a943-25ecd2d1e65d}</destination>
		</relationship>
		<relationship name="panner">
			<destination>{961afc40-9063-4770-8c89-0a900796e90e}</destination>
		</relationship>
		<relationship name="mixer">
			<destination>{54ec1aeb-86da-4842-b83a-dd55fcd65911}</destination>
		</relationship>
	</object>
	<object class="MultiSound" id="{5dcc6e35-5407-4b79-b1ea-003155a17fa7}">
		<relationship name="sounds">
			<destination>{c9679fd6-e6e2-45e6-a407-93c1d87c41b8}</destination>
		</relationship>
	</object>
	<object class="MixerBusEffectChain" id="{6f9ef43a-6b3a-4bda-992c-09dff1157b0b}">
		<relationship name="effects">
			<destination>{b2cd4567-0cf1-479d-b69b-f267c5db8e6a}</destination>
		</relationship>
	</object>
	<object class="MixerBusPanner" id="{5045e94a-6863-45cf-b92f-d7c8bac54227}" />
	<object class="MixerBusEffectChain" id="{75b4c3c6-587a-403f-a943-25ecd2d1e65d}">
		<relationship name="effects">
			<destination>{cef22895-9750-4d17-9487-a460338b34f6}</destination>
		</relationship>
	</object>
	<object class="MixerBusPanner" id="{961afc40-9063-4770-8c89-0a900796e90e}" />
	<object class="SingleSound" id="{c9679fd6-e6e2-45e6-a407-93c1d87c41b8}">
		<relationship name="modulators">
			<destination>{2718d62d-56f5-4721-8539-1260de81054c}</destination>
		</relationship>
		<relationship name="audioFile">
			<destination>{f21c9667-6d63-4c6b-b596-27fd684414df}</destination>
		</relationship>
	</object>
	<object class="MixerBusFader" id="{b2cd4567-0cf1-479d-b69b-f267c5db8e6a}" />
	<object class="MixerBusFader" id="{cef22895-9750-4d17-9487-a460338b34f6}" />
	<object class="RandomizerModulator" id="{2718d62d-56f5-4721-8539-1260de81054c}">
		<property name="nameOfPropertyBeingModulated">
			<value>pitch</value>
		</property>
		<property name="amount">
			<value>21.5</value>
		</property>
	</object>
</objects>
