<?xml version="1.0" encoding="UTF-8"?>
<objects serializationModel="Studio.02.02.00">
	<object class="Event" id="{10de6025-344c-4993-ab2a-ac0eca2be398}">
		<property name="name">
			<value>Jump</value>
		</property>
		<property name="outputFormat">
			<value>0</value>
		</property>
		<relationship name="folder">
			<destination>{8ffe6802-2074-457e-9a96-994788602b24}</destination>
		</relationship>
		<relationship name="mixer">
			<destination>{05b990a6-cc79-43ee-854a-2330868c9329}</destination>
		</relationship>
		<relationship name="masterTrack">
			<destination>{248b4993-9f62-40c0-9189-6e56af9d78c0}</destination>
		</relationship>
		<relationship name="mixerInput">
			<destination>{659a361b-97f8-479a-b2a8-74d2002fcab4}</destination>
		</relationship>
		<relationship name="automatableProperties">
			<destination>{64029765-9717-479c-85a2-9f48ff232efc}</destination>
		</relationship>
		<relationship name="markerTracks">
			<destination>{ed80b8de-2e46-4d19-8222-439798d7e95a}</destination>
		</relationship>
		<relationship name="timeline">
			<destination>{fcde4d24-8bd9-4175-843a-8ac045be5e46}</destination>
		</relationship>
		<relationship name="parameters">
			<destination>{c1d67bd4-cdc1-45af-9bfb-c53880051b2f}</destination>
			<destination>{3beddba9-d0ee-48f0-964f-9a4d3629682e}</destination>
		</relationship>
		<relationship name="banks">
			<destination>{613cb608-2548-4094-ac12-cc35b25f859e}</destination>
		</relationship>
	</object>
	<object class="EventMixer" id="{05b990a6-cc79-43ee-854a-2330868c9329}">
		<relationship name="masterBus">
			<destination>{466d9c55-227c-4d05-8d39-f344b1649c6a}</destination>
		</relationship>
	</object>
	<object class="MasterTrack" id="{248b4993-9f62-40c0-9189-6e56af9d78c0}">
		<relationship name="modules">
			<destination>{fdc6e659-303a-4cbb-9af1-26bf756fa5bd}</destination>
			<destination>{3d36f4b8-3cdb-4a8e-9e68-3a461a737ee5}</destination>
			<destination>{6cdddea8-9e2a-4067-adf0-34419a565ac5}</destination>
			<destination>{d98ab129-3d9a-4d29-872e-a865ac817c2f}</destination>
		</relationship>
		<relationship name="mixerGroup">
			<destination>{466d9c55-227c-4d05-8d39-f344b1649c6a}</destination>
		</relationship>
	</object>
	<object class="MixerInput" id="{659a361b-97f8-479a-b2a8-74d2002fcab4}">
		<relationship name="effectChain">
			<destination>{0cb0564b-d1e0-4dbf-90fc-3fa8dfa3eccf}</destination>
		</relationship>
		<relationship name="panner">
			<destination>{ece68cb2-2247-421f-b741-8cbd53b2f756}</destination>
		</relationship>
		<relationship name="output">
			<destination>{30cfe73f-e63a-4446-b440-2fc2bdae230c}</destination>
		</relationship>
	</object>
	<object class="EventAutomatableProperties" id="{64029765-9717-479c-85a2-9f48ff232efc}" />
	<object class="MarkerTrack" id="{ed80b8de-2e46-4d19-8222-439798d7e95a}" />
	<object class="Timeline" id="{fcde4d24-8bd9-4175-843a-8ac045be5e46}" />
	<object class="ActionSheet" id="{c1d67bd4-cdc1-45af-9bfb-c53880051b2f}">
		<relationship name="modules">
			<destination>{fdc6e659-303a-4cbb-9af1-26bf756fa5bd}</destination>
		</relationship>
	</object>
	<object class="ParameterProxy" id="{3beddba9-d0ee-48f0-964f-9a4d3629682e}">
		<relationship name="modules">
			<destination>{3d36f4b8-3cdb-4a8e-9e68-3a461a737ee5}</destination>
			<destination>{6cdddea8-9e2a-4067-adf0-34419a565ac5}</destination>
			<destination>{d98ab129-3d9a-4d29-872e-a865ac817c2f}</destination>
		</relationship>
		<relationship name="preset">
			<destination>{03d190dc-2a97-40bf-8df7-302f6bb45a59}</destination>
		</relationship>
	</object>
	<object class="EventMixerMaster" id="{466d9c55-227c-4d05-8d39-f344b1649c6a}">
		<relationship name="effectChain">
			<destination>{54639951-5280-4990-a4bd-c6bd6581f1dd}</destination>
		</relationship>
		<relationship name="panner">
			<destination>{7b6953b1-121f-49a6-bbd3-e3c6bff2f18a}</destination>
		</relationship>
		<relationship name="mixer">
			<destination>{05b990a6-cc79-43ee-854a-2330868c9329}</destination>
		</relationship>
	</object>
	<object class="MultiSound" id="{fdc6e659-303a-4cbb-9af1-26bf756fa5bd}">
		<relationship name="sounds">
			<destination>{b6aca608-0f90-4861-ba8b-00f6c61751f6}</destination>
		</relationship>
	</object>
	<object class="MultiSound" id="{3d36f4b8-3cdb-4a8e-9e68-3a461a737ee5}">
		<relationship name="sounds">
			<destination>{65601d69-7011-4d2d-b4cf-1c0a5eaf8b0e}</destination>
			<destination>{38d1ddf7-d9ea-4476-a383-bb446913ddde}</destination>
			<destination>{8032302c-fae7-4be3-aefd-0addd532378b}</destination>
			<destination>{37a879de-bd53-4f36-a86a-8edfc91c8fa4}</destination>
			<destination>{597f5de9-27e7-452e-a86b-34f5ad61e198}</destination>
		</relationship>
	</object>
	<object class="MultiSound" id="{6cdddea8-9e2a-4067-adf0-34419a565ac5}">
		<property name="start">
			<value>3</value>
		</property>
		<relationship name="sounds">
			<destination>{12a4bb7b-324f-4e48-a489-975bc5eab0b2}</destination>
			<destination>{217cd04d-4254-43f2-8056-b924bda672d4}</destination>
			<destination>{7e223c3b-8023-48b4-a813-ed90db004ecb}</destination>
			<destination>{87784367-dab9-4720-a4a7-f3c205bf7132}</destination>
			<destination>{49ea65f4-3213-4bea-a037-9f66ae3d0f48}</destination>
		</relationship>
	</object>
	<object class="MultiSound" id="{d98ab129-3d9a-4d29-872e-a865ac817c2f}">
		<property name="start">
			<value>2</value>
		</property>
		<relationship name="sounds">
			<destination>{0e16da56-757b-4021-b8d9-0b2b7206882d}</destination>
			<destination>{a30f0242-a981-4c21-a266-586a83d019b3}</destination>
			<destination>{6e6a2df2-c989-4de5-aeb1-aaeb814cefe4}</destination>
			<destination>{4edd3606-6aec-45d2-9b95-e9f5ccc68d8d}</destination>
			<destination>{633249da-27d6-4938-84ef-2111c9310bc8}</destination>
			<destination>{bf83f0a2-57f8-4eea-a514-870e51e80613}</destination>
			<destination>{8c5b783b-6bad-435a-9f30-337b146558cb}</destination>
		</relationship>
	</object>
	<object class="MixerBusEffectChain" id="{0cb0564b-d1e0-4dbf-90fc-3fa8dfa3eccf}">
		<relationship name="effects">
			<destination>{0fedeb74-21d5-43eb-bcab-6d346513d0c9}</destination>
		</relationship>
	</object>
	<object class="MixerBusPanner" id="{ece68cb2-2247-421f-b741-8cbd53b2f756}" />
	<object class="MixerBusEffectChain" id="{54639951-5280-4990-a4bd-c6bd6581f1dd}">
		<relationship name="effects">
			<destination>{ab73dca4-4be1-44ca-a389-e8e9a5204a50}</destination>
		</relationship>
	</object>
	<object class="MixerBusPanner" id="{7b6953b1-121f-49a6-bbd3-e3c6bff2f18a}" />
	<object class="MultiSound" id="{b6aca608-0f90-4861-ba8b-00f6c61751f6}">
		<relationship name="sounds">
			<destination>{c4ddf8c0-c419-4d08-9a34-1f9f08820637}</destination>
			<destination>{a9d30b2b-e1d5-4c9d-8aca-e864f6247690}</destination>
			<destination>{d919d329-da2d-4a4d-a539-954ccef6885a}</destination>
			<destination>{462cadd6-329b-4a51-88b0-f2752cf5978a}</destination>
			<destination>{18ba981b-beb4-43d6-9e38-4a081be1b21c}</destination>
		</relationship>
	</object>
	<object class="SingleSound" id="{65601d69-7011-4d2d-b4cf-1c0a5eaf8b0e}">
		<relationship name="audioFile">
			<destination>{ada0e878-6989-4801-83dd-df7bc3d72e02}</destination>
		</relationship>
	</object>
	<object class="SingleSound" id="{38d1ddf7-d9ea-4476-a383-bb446913ddde}">
		<relationship name="audioFile">
			<destination>{fda16428-e1e7-4532-bc22-b4d439663e85}</destination>
		</relationship>
	</object>
	<object class="SingleSound" id="{8032302c-fae7-4be3-aefd-0addd532378b}">
		<relationship name="audioFile">
			<destination>{527d89ed-58f5-4ff4-837f-40c37fe54a94}</destination>
		</relationship>
	</object>
	<object class="SingleSound" id="{37a879de-bd53-4f36-a86a-8edfc91c8fa4}">
		<relationship name="audioFile">
			<destination>{88f2a6c4-b2ec-4b8b-a10f-d9fe6b97b9b6}</destination>
		</relationship>
	</object>
	<object class="SingleSound" id="{597f5de9-27e7-452e-a86b-34f5ad61e198}">
		<relationship name="audioFile">
			<destination>{f7fe8e56-fda9-44e4-b78a-8219f044eb9a}</destination>
		</relationship>
	</object>
	<object class="SingleSound" id="{12a4bb7b-324f-4e48-a489-975bc5eab0b2}">
		<relationship name="audioFile">
			<destination>{03c97ca4-a313-40be-8da2-59dc0fd7eb87}</destination>
		</relationship>
	</object>
	<object class="SingleSound" id="{217cd04d-4254-43f2-8056-b924bda672d4}">
		<relationship name="audioFile">
			<destination>{8121b677-c99a-410f-bc8e-8fc2aa68c30f}</destination>
		</relationship>
	</object>
	<object class="SingleSound" id="{7e223c3b-8023-48b4-a813-ed90db004ecb}">
		<relationship name="audioFile">
			<destination>{e491fc49-59f0-4e76-8210-1c2e9742fa1b}</destination>
		</relationship>
	</object>
	<object class="SingleSound" id="{87784367-dab9-4720-a4a7-f3c205bf7132}">
		<relationship name="audioFile">
			<destination>{da996a5e-cc7a-4390-b0e0-43490147b4c5}</destination>
		</relationship>
	</object>
	<object class="SingleSound" id="{49ea65f4-3213-4bea-a037-9f66ae3d0f48}">
		<relationship name="audioFile">
			<destination>{1fc65b46-c197-4657-8853-7c47f366802e}</destination>
		</relationship>
	</object>
	<object class="SingleSound" id="{0e16da56-757b-4021-b8d9-0b2b7206882d}">
		<relationship name="audioFile">
			<destination>{6b2b74c1-68fb-463a-b576-d8f38d58c7c9}</destination>
		</relationship>
	</object>
	<object class="SingleSound" id="{a30f0242-a981-4c21-a266-586a83d019b3}">
		<relationship name="audioFile">
			<destination>{fad36bb3-918e-40a0-ba3a-d6a38134659b}</destination>
		</relationship>
	</object>
	<object class="SingleSound" id="{6e6a2df2-c989-4de5-aeb1-aaeb814cefe4}">
		<relationship name="audioFile">
			<destination>{623b1bff-f036-4016-9b84-3383937add87}</destination>
		</relationship>
	</object>
	<object class="SingleSound" id="{4edd3606-6aec-45d2-9b95-e9f5ccc68d8d}">
		<relationship name="audioFile">
			<destination>{7df957d9-416a-4662-b9a3-9f7321e45b97}</destination>
		</relationship>
	</object>
	<object class="SingleSound" id="{633249da-27d6-4938-84ef-2111c9310bc8}">
		<relationship name="audioFile">
			<destination>{6ae432ea-3b0a-40bf-bebe-29cbfc1ca2c3}</destination>
		</relationship>
	</object>
	<object class="SingleSound" id="{bf83f0a2-57f8-4eea-a514-870e51e80613}">
		<relationship name="audioFile">
			<destination>{f2129295-422b-4fd3-ace0-bba13856cb12}</destination>
		</relationship>
	</object>
	<object class="SingleSound" id="{8c5b783b-6bad-435a-9f30-337b146558cb}">
		<relationship name="audioFile">
			<destination>{06e181f8-8075-4816-a621-66c872ca30f4}</destination>
		</relationship>
	</object>
	<object class="MixerBusFader" id="{0fedeb74-21d5-43eb-bcab-6d346513d0c9}" />
	<object class="MixerBusFader" id="{ab73dca4-4be1-44ca-a389-e8e9a5204a50}" />
	<object class="SingleSound" id="{c4ddf8c0-c419-4d08-9a34-1f9f08820637}">
		<relationship name="audioFile">
			<destination>{ada0e878-6989-4801-83dd-df7bc3d72e02}</destination>
		</relationship>
	</object>
	<object class="SingleSound" id="{a9d30b2b-e1d5-4c9d-8aca-e864f6247690}">
		<relationship name="audioFile">
			<destination>{fda16428-e1e7-4532-bc22-b4d439663e85}</destination>
		</relationship>
	</object>
	<object class="SingleSound" id="{d919d329-da2d-4a4d-a539-954ccef6885a}">
		<relationship name="audioFile">
			<destination>{527d89ed-58f5-4ff4-837f-40c37fe54a94}</destination>
		</relationship>
	</object>
	<object class="SingleSound" id="{462cadd6-329b-4a51-88b0-f2752cf5978a}">
		<relationship name="audioFile">
			<destination>{88f2a6c4-b2ec-4b8b-a10f-d9fe6b97b9b6}</destination>
		</relationship>
	</object>
	<object class="SingleSound" id="{18ba981b-beb4-43d6-9e38-4a081be1b21c}">
		<relationship name="audioFile">
			<destination>{f7fe8e56-fda9-44e4-b78a-8219f044eb9a}</destination>
		</relationship>
	</object>
</objects>
