<?xml version="1.0" encoding="UTF-8"?>
<objects serializationModel="Studio.02.02.00">
	<object class="Event" id="{1af1cc79-6cd8-48d8-8641-d6fe6d19f65b}">
		<property name="name">
			<value>Effort</value>
		</property>
		<property name="outputFormat">
			<value>0</value>
		</property>
		<relationship name="folder">
			<destination>{9a5dff1e-3408-4f73-8216-5f47904c7c12}</destination>
		</relationship>
		<relationship name="mixer">
			<destination>{d8d6d289-3e35-4a00-8b7d-568a48ac2c84}</destination>
		</relationship>
		<relationship name="masterTrack">
			<destination>{99489636-d3af-4632-92ff-8600593c5a32}</destination>
		</relationship>
		<relationship name="mixerInput">
			<destination>{db79644f-dbc9-4010-9ae0-b9ff6c01302b}</destination>
		</relationship>
		<relationship name="automatableProperties">
			<destination>{db572873-52a3-41cd-a1a1-3cde2a73a50b}</destination>
		</relationship>
		<relationship name="markerTracks">
			<destination>{bc1fd367-41fa-4bf3-b68c-d9459b96d5a1}</destination>
		</relationship>
		<relationship name="timeline">
			<destination>{e18bc395-9d3b-409d-8d39-0fc459123112}</destination>
		</relationship>
		<relationship name="parameters">
			<destination>{3a720699-35ec-425c-98b4-52f1afc960db}</destination>
		</relationship>
		<relationship name="banks">
			<destination>{613cb608-2548-4094-ac12-cc35b25f859e}</destination>
		</relationship>
	</object>
	<object class="EventMixer" id="{d8d6d289-3e35-4a00-8b7d-568a48ac2c84}">
		<relationship name="masterBus">
			<destination>{7f34a969-9a65-4be1-a39c-594259a3333e}</destination>
		</relationship>
	</object>
	<object class="MasterTrack" id="{99489636-d3af-4632-92ff-8600593c5a32}">
		<relationship name="modules">
			<destination>{7b38172b-3188-4da5-9987-887972d8ecf4}</destination>
		</relationship>
		<relationship name="mixerGroup">
			<destination>{7f34a969-9a65-4be1-a39c-594259a3333e}</destination>
		</relationship>
	</object>
	<object class="MixerInput" id="{db79644f-dbc9-4010-9ae0-b9ff6c01302b}">
		<relationship name="effectChain">
			<destination>{2a1b4bde-a235-4f8a-bfb2-69f3506b4472}</destination>
		</relationship>
		<relationship name="panner">
			<destination>{51f3c11d-ed73-4da4-bc41-f36697078627}</destination>
		</relationship>
		<relationship name="output">
			<destination>{30cfe73f-e63a-4446-b440-2fc2bdae230c}</destination>
		</relationship>
	</object>
	<object class="EventAutomatableProperties" id="{db572873-52a3-41cd-a1a1-3cde2a73a50b}" />
	<object class="MarkerTrack" id="{bc1fd367-41fa-4bf3-b68c-d9459b96d5a1}" />
	<object class="Timeline" id="{e18bc395-9d3b-409d-8d39-0fc459123112}">
		<property name="isProxyEnabled">
			<value>false</value>
		</property>
	</object>
	<object class="ActionSheet" id="{3a720699-35ec-425c-98b4-52f1afc960db}">
		<relationship name="modules">
			<destination>{7b38172b-3188-4da5-9987-887972d8ecf4}</destination>
		</relationship>
	</object>
	<object class="EventMixerMaster" id="{7f34a969-9a65-4be1-a39c-594259a3333e}">
		<relationship name="effectChain">
			<destination>{0ea8af2d-2ac7-4542-9202-bca5ff04db64}</destination>
		</relationship>
		<relationship name="panner">
			<destination>{f4e5255b-f6e5-40ee-9cd3-a6a1dde01ca4}</destination>
		</relationship>
		<relationship name="mixer">
			<destination>{d8d6d289-3e35-4a00-8b7d-568a48ac2c84}</destination>
		</relationship>
	</object>
	<object class="MultiSound" id="{7b38172b-3188-4da5-9987-887972d8ecf4}">
		<relationship name="sounds">
			<destination>{798802a5-e2c3-4a99-831e-a0c1b42254fb}</destination>
		</relationship>
	</object>
	<object class="MixerBusEffectChain" id="{2a1b4bde-a235-4f8a-bfb2-69f3506b4472}">
		<relationship name="effects">
			<destination>{1e9b81a0-3a74-450c-b365-8a1c378f253d}</destination>
		</relationship>
	</object>
	<object class="MixerBusPanner" id="{51f3c11d-ed73-4da4-bc41-f36697078627}" />
	<object class="MixerBusEffectChain" id="{0ea8af2d-2ac7-4542-9202-bca5ff04db64}">
		<relationship name="effects">
			<destination>{e1755981-3bb7-4162-8b94-9961a9b52a30}</destination>
		</relationship>
	</object>
	<object class="MixerBusPanner" id="{f4e5255b-f6e5-40ee-9cd3-a6a1dde01ca4}" />
	<object class="MultiSound" id="{798802a5-e2c3-4a99-831e-a0c1b42254fb}">
		<relationship name="sounds">
			<destination>{b332b491-e35c-410a-a994-eaf54643efc5}</destination>
			<destination>{ee6408cb-d37a-44a9-83f2-b0efdf24f81c}</destination>
			<destination>{be9b4e87-e5f6-455a-b1e1-275247098d10}</destination>
			<destination>{89af3226-bdf5-4ec7-83a5-b06ecf64ab29}</destination>
			<destination>{16917e56-09c0-4326-991d-3068ba396763}</destination>
			<destination>{2ccc800b-3420-4df1-8817-40c85b4d045a}</destination>
			<destination>{0b1419ba-4e35-4436-a851-f31c2d847007}</destination>
			<destination>{d03e853c-de5b-4a9c-ae0c-3664f9ba6cab}</destination>
		</relationship>
	</object>
	<object class="MixerBusFader" id="{1e9b81a0-3a74-450c-b365-8a1c378f253d}" />
	<object class="MixerBusFader" id="{e1755981-3bb7-4162-8b94-9961a9b52a30}" />
	<object class="SingleSound" id="{b332b491-e35c-410a-a994-eaf54643efc5}">
		<relationship name="audioFile">
			<destination>{39453055-8b9f-464e-9b3f-19e3845c13b1}</destination>
		</relationship>
	</object>
	<object class="SingleSound" id="{ee6408cb-d37a-44a9-83f2-b0efdf24f81c}">
		<relationship name="audioFile">
			<destination>{eabac0f9-602a-4d6b-b042-e63588b9dc11}</destination>
		</relationship>
	</object>
	<object class="SingleSound" id="{be9b4e87-e5f6-455a-b1e1-275247098d10}">
		<relationship name="audioFile">
			<destination>{4d223f81-a046-4f94-8580-dbd0f0ed1c53}</destination>
		</relationship>
	</object>
	<object class="SingleSound" id="{89af3226-bdf5-4ec7-83a5-b06ecf64ab29}">
		<relationship name="audioFile">
			<destination>{7f0d4b44-eeae-4742-b62e-a56a081d4a5a}</destination>
		</relationship>
	</object>
	<object class="SingleSound" id="{16917e56-09c0-4326-991d-3068ba396763}">
		<relationship name="audioFile">
			<destination>{e2f2e0ad-52f5-46bc-9408-d4df644f88fb}</destination>
		</relationship>
	</object>
	<object class="SingleSound" id="{2ccc800b-3420-4df1-8817-40c85b4d045a}">
		<relationship name="audioFile">
			<destination>{cc87d2eb-0bce-4781-986b-d9e71eaf960b}</destination>
		</relationship>
	</object>
	<object class="SingleSound" id="{0b1419ba-4e35-4436-a851-f31c2d847007}">
		<relationship name="audioFile">
			<destination>{67df6e8d-c15f-4da2-b40b-be28708fc1e3}</destination>
		</relationship>
	</object>
	<object class="SingleSound" id="{d03e853c-de5b-4a9c-ae0c-3664f9ba6cab}">
		<relationship name="audioFile">
			<destination>{89c41e36-45e2-4367-b1fc-d583e876825a}</destination>
		</relationship>
	</object>
</objects>
