<?xml version="1.0" encoding="UTF-8"?>
<objects serializationModel="Studio.02.02.00">
	<object class="Event" id="{1f0643b3-e6bb-45f6-a689-e7411c5332aa}">
		<property name="name">
			<value>Walk</value>
		</property>
		<property name="outputFormat">
			<value>0</value>
		</property>
		<relationship name="folder">
			<destination>{8ffe6802-2074-457e-9a96-994788602b24}</destination>
		</relationship>
		<relationship name="mixer">
			<destination>{2149c77c-fb2a-437e-b469-9c1c0f4d5216}</destination>
		</relationship>
		<relationship name="masterTrack">
			<destination>{f331061d-fab1-4507-907e-5c9be85ca7e4}</destination>
		</relationship>
		<relationship name="mixerInput">
			<destination>{7d5f2c24-a3bb-4a6c-911b-393314854356}</destination>
		</relationship>
		<relationship name="automatableProperties">
			<destination>{99b77877-e099-4084-ab7f-4faf2a8ec601}</destination>
		</relationship>
		<relationship name="markerTracks">
			<destination>{3ed42253-e1d2-47dd-aa6d-d1d8703b697c}</destination>
		</relationship>
		<relationship name="timeline">
			<destination>{7a657574-7d38-4128-b626-736114af6044}</destination>
		</relationship>
		<relationship name="parameters">
			<destination>{1353b55a-aee4-4c7e-8d8f-faf0c62f461a}</destination>
		</relationship>
		<relationship name="banks">
			<destination>{613cb608-2548-4094-ac12-cc35b25f859e}</destination>
		</relationship>
	</object>
	<object class="EventMixer" id="{2149c77c-fb2a-437e-b469-9c1c0f4d5216}">
		<relationship name="masterBus">
			<destination>{4fd5787a-8906-4b32-abb7-5862d4388a06}</destination>
		</relationship>
	</object>
	<object class="MasterTrack" id="{f331061d-fab1-4507-907e-5c9be85ca7e4}">
		<relationship name="modules">
			<destination>{d909924a-5968-4862-b34b-51955d562d83}</destination>
			<destination>{74e6e393-98b0-47d8-9f57-e2be56fa46fd}</destination>
			<destination>{4a1c69e0-485c-45c2-a02c-b8ddce79db98}</destination>
			<destination>{262a4e57-4254-414a-853b-96ca0ee48c43}</destination>
		</relationship>
		<relationship name="mixerGroup">
			<destination>{4fd5787a-8906-4b32-abb7-5862d4388a06}</destination>
		</relationship>
	</object>
	<object class="MixerInput" id="{7d5f2c24-a3bb-4a6c-911b-393314854356}">
		<relationship name="effectChain">
			<destination>{4e3f39fe-ae0a-4ff3-b7dc-36943a9a6380}</destination>
		</relationship>
		<relationship name="panner">
			<destination>{79ab194d-a302-465a-8943-153c141606d3}</destination>
		</relationship>
		<relationship name="output">
			<destination>{30cfe73f-e63a-4446-b440-2fc2bdae230c}</destination>
		</relationship>
	</object>
	<object class="EventAutomatableProperties" id="{99b77877-e099-4084-ab7f-4faf2a8ec601}" />
	<object class="MarkerTrack" id="{3ed42253-e1d2-47dd-aa6d-d1d8703b697c}" />
	<object class="Timeline" id="{7a657574-7d38-4128-b626-736114af6044}" />
	<object class="ParameterProxy" id="{1353b55a-aee4-4c7e-8d8f-faf0c62f461a}">
		<relationship name="modules">
			<destination>{d909924a-5968-4862-b34b-51955d562d83}</destination>
			<destination>{74e6e393-98b0-47d8-9f57-e2be56fa46fd}</destination>
			<destination>{4a1c69e0-485c-45c2-a02c-b8ddce79db98}</destination>
			<destination>{262a4e57-4254-414a-853b-96ca0ee48c43}</destination>
		</relationship>
		<relationship name="preset">
			<destination>{03d190dc-2a97-40bf-8df7-302f6bb45a59}</destination>
		</relationship>
	</object>
	<object class="EventMixerMaster" id="{4fd5787a-8906-4b32-abb7-5862d4388a06}">
		<relationship name="effectChain">
			<destination>{716141c9-8764-4b57-be6d-c67f4d7dd1bf}</destination>
		</relationship>
		<relationship name="panner">
			<destination>{9f1ba450-585e-4fbe-b1d7-e84d9a4e4142}</destination>
		</relationship>
		<relationship name="mixer">
			<destination>{2149c77c-fb2a-437e-b469-9c1c0f4d5216}</destination>
		</relationship>
	</object>
	<object class="MultiSound" id="{d909924a-5968-4862-b34b-51955d562d83}" />
	<object class="MultiSound" id="{74e6e393-98b0-47d8-9f57-e2be56fa46fd}">
		<property name="start">
			<value>1</value>
		</property>
		<relationship name="sounds">
			<destination>{96d0cdbb-e0c8-47f5-86ff-8303509bb787}</destination>
			<destination>{3b8c2ab1-7a12-4db0-8c89-6b1403a3ebdc}</destination>
			<destination>{d99f37a1-bb9a-468c-9509-cd1cd7b0eeb5}</destination>
			<destination>{d72d3b04-8a1e-4ef9-9413-b17906ccbec2}</destination>
			<destination>{dce8a6c7-e819-4b38-b8dd-c8eac61fcc90}</destination>
			<destination>{7b17aa30-2e37-4316-a4e3-f377b598ae67}</destination>
			<destination>{8a6b4811-4bc6-4df7-aeac-b55650d02d92}</destination>
			<destination>{e51967e4-b728-4b41-b8be-45ccdfd6ba65}</destination>
		</relationship>
	</object>
	<object class="MultiSound" id="{4a1c69e0-485c-45c2-a02c-b8ddce79db98}">
		<relationship name="sounds">
			<destination>{6fc0de26-0f2f-43b3-8b4c-654ed5f069de}</destination>
			<destination>{35ca07b4-029c-42d3-8c91-05941070e5f1}</destination>
			<destination>{403d5caf-b1fd-4dac-9b7e-54020b806d0f}</destination>
			<destination>{eecb1061-0833-4e6d-b46f-f55bd88f15b3}</destination>
			<destination>{d6f19091-53c6-40e6-ba20-be6f9e1f228c}</destination>
			<destination>{a35c49a9-7d8a-4e79-9c18-ec3406001fe1}</destination>
			<destination>{4690ecbd-9698-49f2-8512-eeee14c38d8f}</destination>
		</relationship>
	</object>
	<object class="MultiSound" id="{262a4e57-4254-414a-853b-96ca0ee48c43}">
		<property name="start">
			<value>3</value>
		</property>
		<relationship name="sounds">
			<destination>{901b4187-1a43-42a1-b90b-fc6a15ff5e1a}</destination>
			<destination>{1fdca47d-a2b2-47a4-8ace-6ca015ab41a2}</destination>
			<destination>{e8df4e51-9c94-4ae2-8804-9926885b06b2}</destination>
			<destination>{005a0015-9503-4fdd-ba9d-ddea5e0e9e89}</destination>
			<destination>{0e8e1142-ceae-4aab-aafd-995cee19a607}</destination>
			<destination>{fff15328-a654-4e23-b950-defcfd4b6c9d}</destination>
			<destination>{960b7437-ac0e-4529-a1e8-db334b7054cf}</destination>
			<destination>{8846fcb9-bb04-42ac-95be-d7d0b9f257c2}</destination>
		</relationship>
	</object>
	<object class="MixerBusEffectChain" id="{4e3f39fe-ae0a-4ff3-b7dc-36943a9a6380}">
		<relationship name="effects">
			<destination>{0b770c83-862d-4189-ae56-c158e185b291}</destination>
		</relationship>
	</object>
	<object class="MixerBusPanner" id="{79ab194d-a302-465a-8943-153c141606d3}" />
	<object class="MixerBusEffectChain" id="{716141c9-8764-4b57-be6d-c67f4d7dd1bf}">
		<relationship name="effects">
			<destination>{83ebb92d-c7be-4afc-bcda-8ffda66d1326}</destination>
		</relationship>
	</object>
	<object class="MixerBusPanner" id="{9f1ba450-585e-4fbe-b1d7-e84d9a4e4142}" />
	<object class="SingleSound" id="{96d0cdbb-e0c8-47f5-86ff-8303509bb787}">
		<relationship name="audioFile">
			<destination>{c79898c3-e20f-448f-bab2-386dfa2ce481}</destination>
		</relationship>
	</object>
	<object class="SingleSound" id="{3b8c2ab1-7a12-4db0-8c89-6b1403a3ebdc}">
		<relationship name="audioFile">
			<destination>{2ef314ea-6d5e-4fe4-9dc3-dbdc46864886}</destination>
		</relationship>
	</object>
	<object class="SingleSound" id="{d99f37a1-bb9a-468c-9509-cd1cd7b0eeb5}">
		<relationship name="audioFile">
			<destination>{bf6f7036-a74b-472c-bc2e-c9388c745253}</destination>
		</relationship>
	</object>
	<object class="SingleSound" id="{d72d3b04-8a1e-4ef9-9413-b17906ccbec2}">
		<relationship name="audioFile">
			<destination>{bbb585fd-595e-48d7-92c9-8d0a0ce921a4}</destination>
		</relationship>
	</object>
	<object class="SingleSound" id="{dce8a6c7-e819-4b38-b8dd-c8eac61fcc90}">
		<relationship name="audioFile">
			<destination>{3500626e-3c1d-48a0-b228-79732019f5d7}</destination>
		</relationship>
	</object>
	<object class="SingleSound" id="{7b17aa30-2e37-4316-a4e3-f377b598ae67}">
		<relationship name="audioFile">
			<destination>{fc962aa2-c08d-4d87-8391-2caca38590b7}</destination>
		</relationship>
	</object>
	<object class="SingleSound" id="{8a6b4811-4bc6-4df7-aeac-b55650d02d92}">
		<relationship name="audioFile">
			<destination>{4e3a0946-b660-4c49-a180-332d2af92b0f}</destination>
		</relationship>
	</object>
	<object class="SingleSound" id="{e51967e4-b728-4b41-b8be-45ccdfd6ba65}">
		<relationship name="audioFile">
			<destination>{adec6aab-1949-40be-86d6-d46123ebc1cc}</destination>
		</relationship>
	</object>
	<object class="SingleSound" id="{6fc0de26-0f2f-43b3-8b4c-654ed5f069de}">
		<relationship name="audioFile">
			<destination>{f7ea2cdb-1149-4ada-84e0-046cf85f4523}</destination>
		</relationship>
	</object>
	<object class="SingleSound" id="{35ca07b4-029c-42d3-8c91-05941070e5f1}">
		<relationship name="audioFile">
			<destination>{9685ccee-d397-46c9-aa46-b0894b4bd4e5}</destination>
		</relationship>
	</object>
	<object class="SingleSound" id="{403d5caf-b1fd-4dac-9b7e-54020b806d0f}">
		<relationship name="audioFile">
			<destination>{f507a827-802a-417c-b04d-1127dabd18bc}</destination>
		</relationship>
	</object>
	<object class="SingleSound" id="{eecb1061-0833-4e6d-b46f-f55bd88f15b3}">
		<relationship name="audioFile">
			<destination>{444d788e-82ec-49b3-a5ec-aa9dbcb4fe6a}</destination>
		</relationship>
	</object>
	<object class="SingleSound" id="{d6f19091-53c6-40e6-ba20-be6f9e1f228c}">
		<relationship name="audioFile">
			<destination>{e2d932f8-1273-4e9e-9b7d-9349770b26bf}</destination>
		</relationship>
	</object>
	<object class="SingleSound" id="{a35c49a9-7d8a-4e79-9c18-ec3406001fe1}">
		<relationship name="audioFile">
			<destination>{7f3246e2-5ef3-4c4a-a07d-340fb397e02c}</destination>
		</relationship>
	</object>
	<object class="SingleSound" id="{4690ecbd-9698-49f2-8512-eeee14c38d8f}">
		<relationship name="audioFile">
			<destination>{c7e715db-d3bb-46e7-b95f-eca8f18628ef}</destination>
		</relationship>
	</object>
	<object class="SingleSound" id="{901b4187-1a43-42a1-b90b-fc6a15ff5e1a}">
		<relationship name="audioFile">
			<destination>{723542df-0ca5-46c9-8f3d-2d2b47a182eb}</destination>
		</relationship>
	</object>
	<object class="SingleSound" id="{1fdca47d-a2b2-47a4-8ace-6ca015ab41a2}">
		<relationship name="audioFile">
			<destination>{612e5e81-ea36-410f-ae70-77a600032cbc}</destination>
		</relationship>
	</object>
	<object class="SingleSound" id="{e8df4e51-9c94-4ae2-8804-9926885b06b2}">
		<relationship name="audioFile">
			<destination>{f7b12322-89e8-445a-be9e-6e00554f7216}</destination>
		</relationship>
	</object>
	<object class="SingleSound" id="{005a0015-9503-4fdd-ba9d-ddea5e0e9e89}">
		<relationship name="audioFile">
			<destination>{626bac21-ba23-45c9-9913-fbe4a74012ff}</destination>
		</relationship>
	</object>
	<object class="SingleSound" id="{0e8e1142-ceae-4aab-aafd-995cee19a607}">
		<relationship name="audioFile">
			<destination>{3aa3224b-c75d-4257-b34b-fc8e6fe9e826}</destination>
		</relationship>
	</object>
	<object class="SingleSound" id="{fff15328-a654-4e23-b950-defcfd4b6c9d}">
		<relationship name="audioFile">
			<destination>{b0f8df1e-7eb2-40ac-bf58-0be0db09e437}</destination>
		</relationship>
	</object>
	<object class="SingleSound" id="{960b7437-ac0e-4529-a1e8-db334b7054cf}">
		<relationship name="audioFile">
			<destination>{124e30c3-f679-4e6c-a6f0-84ea261750c0}</destination>
		</relationship>
	</object>
	<object class="SingleSound" id="{8846fcb9-bb04-42ac-95be-d7d0b9f257c2}">
		<relationship name="audioFile">
			<destination>{21a96558-2d1e-4284-b68d-49c49c160a7e}</destination>
		</relationship>
	</object>
	<object class="MixerBusFader" id="{0b770c83-862d-4189-ae56-c158e185b291}" />
	<object class="MixerBusFader" id="{83ebb92d-c7be-4afc-bcda-8ffda66d1326}" />
</objects>
