<?xml version="1.0" encoding="UTF-8"?>
<objects serializationModel="Studio.02.02.00">
	<object class="Event" id="{2eac5d2e-2a5e-4cd0-84aa-a1fee15d5526}">
		<property name="name">
			<value>W.M_Mus_Menu</value>
		</property>
		<property name="outputFormat">
			<value>2</value>
		</property>
		<relationship name="folder">
			<destination>{2e0a54e0-fc92-4cae-93ad-b0211f702c9b}</destination>
		</relationship>
		<relationship name="mixer">
			<destination>{a0a13da5-bd2b-4791-b5f5-64642cb78a34}</destination>
		</relationship>
		<relationship name="masterTrack">
			<destination>{7220e9ec-ad06-4b14-b903-e495adff8c43}</destination>
		</relationship>
		<relationship name="mixerInput">
			<destination>{f638d5e9-a7d5-4036-a2c3-202f7dc29e59}</destination>
		</relationship>
		<relationship name="automatableProperties">
			<destination>{9b53a8ce-33ac-4f41-8948-bc1e356b0d78}</destination>
		</relationship>
		<relationship name="markerTracks">
			<destination>{75da7c7e-312d-4f6d-a2a0-b6bd1393ae46}</destination>
		</relationship>
		<relationship name="groupTracks">
			<destination>{96e096e9-c384-40cd-bb7e-61350a05bd3e}</destination>
		</relationship>
		<relationship name="timeline">
			<destination>{3a24c91c-f054-420d-a71c-4724c15a0263}</destination>
		</relationship>
		<relationship name="banks">
			<destination>{9dd90c19-d7e5-4805-b648-0aa04fbd1a92}</destination>
		</relationship>
	</object>
	<object class="EventMixer" id="{a0a13da5-bd2b-4791-b5f5-64642cb78a34}">
		<relationship name="masterBus">
			<destination>{63dd16c0-6f1a-44f0-b92d-8d673a0d2832}</destination>
		</relationship>
	</object>
	<object class="MasterTrack" id="{7220e9ec-ad06-4b14-b903-e495adff8c43}">
		<relationship name="mixerGroup">
			<destination>{63dd16c0-6f1a-44f0-b92d-8d673a0d2832}</destination>
		</relationship>
	</object>
	<object class="MixerInput" id="{f638d5e9-a7d5-4036-a2c3-202f7dc29e59}">
		<relationship name="effectChain">
			<destination>{562f8089-151f-438b-8428-862f720763c2}</destination>
		</relationship>
		<relationship name="panner">
			<destination>{241267b6-2b22-40d3-b496-ef2384c7e213}</destination>
		</relationship>
		<relationship name="output">
			<destination>{30cfe73f-e63a-4446-b440-2fc2bdae230c}</destination>
		</relationship>
	</object>
	<object class="EventAutomatableProperties" id="{9b53a8ce-33ac-4f41-8948-bc1e356b0d78}" />
	<object class="MarkerTrack" id="{75da7c7e-312d-4f6d-a2a0-b6bd1393ae46}" />
	<object class="GroupTrack" id="{96e096e9-c384-40cd-bb7e-61350a05bd3e}">
		<relationship name="modules">
			<destination>{fc467479-2415-4672-a5d6-b2d2d35ba88d}</destination>
		</relationship>
		<relationship name="mixerGroup">
			<destination>{578e3834-bdb3-414b-a52a-728bdfb71bd9}</destination>
		</relationship>
	</object>
	<object class="Timeline" id="{3a24c91c-f054-420d-a71c-4724c15a0263}">
		<relationship name="modules">
			<destination>{fc467479-2415-4672-a5d6-b2d2d35ba88d}</destination>
		</relationship>
		<relationship name="markers">
			<destination>{a0f3b51a-0ae8-4291-b9b2-b876542f0c3c}</destination>
		</relationship>
	</object>
	<object class="EventMixerMaster" id="{63dd16c0-6f1a-44f0-b92d-8d673a0d2832}">
		<relationship name="effectChain">
			<destination>{25c4a724-e5eb-4db8-a1bb-b6c915e8a838}</destination>
		</relationship>
		<relationship name="panner">
			<destination>{5bbeeb6d-4a98-4ede-ad53-7830511636c5}</destination>
		</relationship>
		<relationship name="mixer">
			<destination>{a0a13da5-bd2b-4791-b5f5-64642cb78a34}</destination>
		</relationship>
	</object>
	<object class="MixerBusEffectChain" id="{562f8089-151f-438b-8428-862f720763c2}">
		<relationship name="effects">
			<destination>{35b3f3a7-e77a-4f0e-9abd-b23bfc30a8fc}</destination>
		</relationship>
	</object>
	<object class="MixerBusPanner" id="{241267b6-2b22-40d3-b496-ef2384c7e213}" />
	<object class="SingleSound" id="{fc467479-2415-4672-a5d6-b2d2d35ba88d}">
		<property name="color">
			<value>Magenta Light 2</value>
		</property>
		<property name="length">
			<value>46.285708333333332</value>
		</property>
		<relationship name="audioFile">
			<destination>{2ffe66a7-d175-4cc2-9a3c-0e127d1477af}</destination>
		</relationship>
	</object>
	<object class="EventMixerGroup" id="{578e3834-bdb3-414b-a52a-728bdfb71bd9}">
		<property name="name">
			<value>Audio 1</value>
		</property>
		<relationship name="effectChain">
			<destination>{5f1a40fc-9182-49db-9d7f-4698300c5618}</destination>
		</relationship>
		<relationship name="panner">
			<destination>{ef5c5cb1-2b83-4fa2-b3b6-be2c601f0bbd}</destination>
		</relationship>
		<relationship name="output">
			<destination>{63dd16c0-6f1a-44f0-b92d-8d673a0d2832}</destination>
		</relationship>
	</object>
	<object class="LoopRegion" id="{a0f3b51a-0ae8-4291-b9b2-b876542f0c3c}">
		<property name="position">
			<value>0</value>
		</property>
		<property name="length">
			<value>46.285708333333332</value>
		</property>
		<relationship name="timeline">
			<destination>{3a24c91c-f054-420d-a71c-4724c15a0263}</destination>
		</relationship>
		<relationship name="markerTrack">
			<destination>{75da7c7e-312d-4f6d-a2a0-b6bd1393ae46}</destination>
		</relationship>
	</object>
	<object class="MixerBusEffectChain" id="{25c4a724-e5eb-4db8-a1bb-b6c915e8a838}">
		<relationship name="effects">
			<destination>{f8e18d91-8990-4aae-8359-ef87043b9791}</destination>
			<destination>{ba9f57c8-27c6-4763-bc48-3c9debeee642}</destination>
		</relationship>
	</object>
	<object class="MixerBusPanner" id="{5bbeeb6d-4a98-4ede-ad53-7830511636c5}" />
	<object class="MixerBusFader" id="{35b3f3a7-e77a-4f0e-9abd-b23bfc30a8fc}" />
	<object class="MixerBusEffectChain" id="{5f1a40fc-9182-49db-9d7f-4698300c5618}">
		<relationship name="effects">
			<destination>{5e88a6bc-3f76-401a-a33f-f7dc98641cdc}</destination>
		</relationship>
	</object>
	<object class="MixerBusPanner" id="{ef5c5cb1-2b83-4fa2-b3b6-be2c601f0bbd}" />
	<object class="MixerBusFader" id="{f8e18d91-8990-4aae-8359-ef87043b9791}" />
	<object class="SpatialiserEffect" id="{ba9f57c8-27c6-4763-bc48-3c9debeee642}" />
	<object class="MixerBusFader" id="{5e88a6bc-3f76-401a-a33f-f7dc98641cdc}" />
</objects>
