<?xml version="1.0" encoding="UTF-8"?>
<objects serializationModel="Studio.02.02.00">
	<object class="Event" id="{3cf6c018-f597-462d-a06c-562a232de524}">
		<property name="name">
			<value>Shield throw</value>
		</property>
		<property name="outputFormat">
			<value>0</value>
		</property>
		<relationship name="folder">
			<destination>{8b913f05-d938-449b-aaae-a5d10c3a3443}</destination>
		</relationship>
		<relationship name="mixer">
			<destination>{14537bcf-faaf-4f41-96ce-d20648a270f2}</destination>
		</relationship>
		<relationship name="masterTrack">
			<destination>{1b79c67a-83e3-4b95-91da-d1f88eb3822c}</destination>
		</relationship>
		<relationship name="mixerInput">
			<destination>{f7dee00f-2fd8-4182-ba0b-d501141160a9}</destination>
		</relationship>
		<relationship name="automatableProperties">
			<destination>{c6151f4d-7b65-4364-ac46-106c77c29ae5}</destination>
		</relationship>
		<relationship name="markerTracks">
			<destination>{41df0d93-60df-4b27-b7ee-effc92618341}</destination>
		</relationship>
		<relationship name="timeline">
			<destination>{2634f503-df02-4b66-bc9a-6cf30f5d9d09}</destination>
		</relationship>
		<relationship name="parameters">
			<destination>{619017ea-f912-47c9-9c47-f1fc679f7616}</destination>
		</relationship>
		<relationship name="banks">
			<destination>{613cb608-2548-4094-ac12-cc35b25f859e}</destination>
		</relationship>
	</object>
	<object class="EventMixer" id="{14537bcf-faaf-4f41-96ce-d20648a270f2}">
		<relationship name="masterBus">
			<destination>{557f0cc2-62a1-48b3-88ff-6eab957fd061}</destination>
		</relationship>
	</object>
	<object class="MasterTrack" id="{1b79c67a-83e3-4b95-91da-d1f88eb3822c}">
		<relationship name="modules">
			<destination>{78cdf52f-ec8c-4092-ae39-6c57bcf3ff6d}</destination>
		</relationship>
		<relationship name="mixerGroup">
			<destination>{557f0cc2-62a1-48b3-88ff-6eab957fd061}</destination>
		</relationship>
	</object>
	<object class="MixerInput" id="{f7dee00f-2fd8-4182-ba0b-d501141160a9}">
		<relationship name="effectChain">
			<destination>{c32c95c2-0476-42d2-8ab4-00d4ecdae6cb}</destination>
		</relationship>
		<relationship name="panner">
			<destination>{4c3d1b49-bcec-4832-af73-b8fa5015429d}</destination>
		</relationship>
		<relationship name="output">
			<destination>{30cfe73f-e63a-4446-b440-2fc2bdae230c}</destination>
		</relationship>
	</object>
	<object class="EventAutomatableProperties" id="{c6151f4d-7b65-4364-ac46-106c77c29ae5}" />
	<object class="MarkerTrack" id="{41df0d93-60df-4b27-b7ee-effc92618341}" />
	<object class="Timeline" id="{2634f503-df02-4b66-bc9a-6cf30f5d9d09}">
		<property name="isProxyEnabled">
			<value>false</value>
		</property>
	</object>
	<object class="ActionSheet" id="{619017ea-f912-47c9-9c47-f1fc679f7616}">
		<relationship name="modules">
			<destination>{78cdf52f-ec8c-4092-ae39-6c57bcf3ff6d}</destination>
		</relationship>
	</object>
	<object class="EventMixerMaster" id="{557f0cc2-62a1-48b3-88ff-6eab957fd061}">
		<property name="volume">
			<value>6</value>
		</property>
		<property name="pitch">
			<value>-5.5</value>
		</property>
		<relationship name="effectChain">
			<destination>{dc819f48-c26d-438a-93f3-c92eaef25ffb}</destination>
		</relationship>
		<relationship name="panner">
			<destination>{add5c302-172a-4210-9970-8600ac0e0435}</destination>
		</relationship>
		<relationship name="mixer">
			<destination>{14537bcf-faaf-4f41-96ce-d20648a270f2}</destination>
		</relationship>
	</object>
	<object class="MultiSound" id="{78cdf52f-ec8c-4092-ae39-6c57bcf3ff6d}">
		<relationship name="sounds">
			<destination>{de27f10c-4e2d-4ec1-ae7d-9dc58aa007a1}</destination>
		</relationship>
	</object>
	<object class="MixerBusEffectChain" id="{c32c95c2-0476-42d2-8ab4-00d4ecdae6cb}">
		<relationship name="effects">
			<destination>{9164960e-2dbc-4f90-9b1f-66acd157874c}</destination>
		</relationship>
	</object>
	<object class="MixerBusPanner" id="{4c3d1b49-bcec-4832-af73-b8fa5015429d}" />
	<object class="MixerBusEffectChain" id="{dc819f48-c26d-438a-93f3-c92eaef25ffb}">
		<relationship name="effects">
			<destination>{6248f51f-b92b-412e-89b1-e5a2e6ecf8f6}</destination>
		</relationship>
	</object>
	<object class="MixerBusPanner" id="{add5c302-172a-4210-9970-8600ac0e0435}" />
	<object class="MultiSound" id="{de27f10c-4e2d-4ec1-ae7d-9dc58aa007a1}">
		<relationship name="sounds">
			<destination>{b15bbc6e-611d-40b7-92b2-8a1a5b6d6cca}</destination>
			<destination>{7467ff4f-48c3-4cca-a63d-2e8c08b7fe1a}</destination>
			<destination>{bc787b7f-b248-415c-a0f5-5a650c5e31d0}</destination>
			<destination>{f2ea1740-073e-4ab8-a628-2d8df45af44d}</destination>
			<destination>{b9c68901-7438-4322-be13-9c0882717f10}</destination>
			<destination>{42cf32cc-7fa8-471d-9235-98a474a615ff}</destination>
			<destination>{3c20256b-5268-4106-8107-578dba82a26d}</destination>
		</relationship>
	</object>
	<object class="MixerBusFader" id="{9164960e-2dbc-4f90-9b1f-66acd157874c}" />
	<object class="MixerBusFader" id="{6248f51f-b92b-412e-89b1-e5a2e6ecf8f6}" />
	<object class="SingleSound" id="{b15bbc6e-611d-40b7-92b2-8a1a5b6d6cca}">
		<relationship name="audioFile">
			<destination>{8af5cd9b-a6b3-4d8d-b993-9bd91ba42297}</destination>
		</relationship>
	</object>
	<object class="SingleSound" id="{7467ff4f-48c3-4cca-a63d-2e8c08b7fe1a}">
		<relationship name="audioFile">
			<destination>{c51b32c1-248e-4186-af2b-bb2812030ec2}</destination>
		</relationship>
	</object>
	<object class="SingleSound" id="{bc787b7f-b248-415c-a0f5-5a650c5e31d0}">
		<relationship name="audioFile">
			<destination>{c8761f8d-8cfc-430b-a26c-b83edb21f42c}</destination>
		</relationship>
	</object>
	<object class="SingleSound" id="{f2ea1740-073e-4ab8-a628-2d8df45af44d}">
		<relationship name="audioFile">
			<destination>{f98ac849-2eab-4a72-888e-ed847cfd50f4}</destination>
		</relationship>
	</object>
	<object class="SingleSound" id="{b9c68901-7438-4322-be13-9c0882717f10}">
		<relationship name="audioFile">
			<destination>{9e5612cd-33c1-4931-bccc-fa9b427e42ed}</destination>
		</relationship>
	</object>
	<object class="SingleSound" id="{42cf32cc-7fa8-471d-9235-98a474a615ff}">
		<relationship name="audioFile">
			<destination>{567ee566-acf3-4033-80db-af73ab6f898a}</destination>
		</relationship>
	</object>
	<object class="SingleSound" id="{3c20256b-5268-4106-8107-578dba82a26d}">
		<relationship name="audioFile">
			<destination>{7b2af7fe-ff64-4def-9a5e-4bfaba83a17e}</destination>
		</relationship>
	</object>
</objects>
