<?xml version="1.0" encoding="UTF-8"?>
<objects serializationModel="Studio.02.02.00">
	<object class="Event" id="{517081bf-c75a-4db2-b623-9afb4e35029b}">
		<property name="name">
			<value>Shield throw</value>
		</property>
		<property name="outputFormat">
			<value>0</value>
		</property>
		<relationship name="folder">
			<destination>{f7538c33-5961-4062-bf61-506192a9b0bf}</destination>
		</relationship>
		<relationship name="mixer">
			<destination>{979765ce-a4fe-4323-a8d4-1d297ea44c9c}</destination>
		</relationship>
		<relationship name="masterTrack">
			<destination>{ca23b41b-7f1f-4c96-9a67-bb00712e54fe}</destination>
		</relationship>
		<relationship name="mixerInput">
			<destination>{93d520cf-0683-4bc0-9076-0aeaf964c94c}</destination>
		</relationship>
		<relationship name="automatableProperties">
			<destination>{7cb74080-5ed1-45ff-92bb-0fc107552e99}</destination>
		</relationship>
		<relationship name="markerTracks">
			<destination>{7f0df31c-5aaf-4f97-a6dc-a82588bb8346}</destination>
		</relationship>
		<relationship name="timeline">
			<destination>{73f2e048-77f3-4df8-a61c-c4d33c0bbbc7}</destination>
		</relationship>
		<relationship name="parameters">
			<destination>{835403cc-cba3-449e-8aa0-ef9f6204d8e7}</destination>
		</relationship>
		<relationship name="banks">
			<destination>{613cb608-2548-4094-ac12-cc35b25f859e}</destination>
		</relationship>
	</object>
	<object class="EventMixer" id="{979765ce-a4fe-4323-a8d4-1d297ea44c9c}">
		<relationship name="masterBus">
			<destination>{db85ec41-d8b5-4448-a8fb-4a37560b40db}</destination>
		</relationship>
	</object>
	<object class="MasterTrack" id="{ca23b41b-7f1f-4c96-9a67-bb00712e54fe}">
		<relationship name="modules">
			<destination>{68faa05e-9872-4adc-8f14-dd8ff0a7feea}</destination>
		</relationship>
		<relationship name="mixerGroup">
			<destination>{db85ec41-d8b5-4448-a8fb-4a37560b40db}</destination>
		</relationship>
	</object>
	<object class="MixerInput" id="{93d520cf-0683-4bc0-9076-0aeaf964c94c}">
		<relationship name="effectChain">
			<destination>{22e10833-0c60-4e41-bf5f-699ceb79383d}</destination>
		</relationship>
		<relationship name="panner">
			<destination>{b6d866a3-9f93-41be-8649-b7844fdd2fc6}</destination>
		</relationship>
		<relationship name="output">
			<destination>{30cfe73f-e63a-4446-b440-2fc2bdae230c}</destination>
		</relationship>
	</object>
	<object class="EventAutomatableProperties" id="{7cb74080-5ed1-45ff-92bb-0fc107552e99}" />
	<object class="MarkerTrack" id="{7f0df31c-5aaf-4f97-a6dc-a82588bb8346}" />
	<object class="Timeline" id="{73f2e048-77f3-4df8-a61c-c4d33c0bbbc7}">
		<property name="isProxyEnabled">
			<value>false</value>
		</property>
	</object>
	<object class="ActionSheet" id="{835403cc-cba3-449e-8aa0-ef9f6204d8e7}">
		<relationship name="modules">
			<destination>{68faa05e-9872-4adc-8f14-dd8ff0a7feea}</destination>
		</relationship>
	</object>
	<object class="EventMixerMaster" id="{db85ec41-d8b5-4448-a8fb-4a37560b40db}">
		<property name="volume">
			<value>6</value>
		</property>
		<property name="pitch">
			<value>-5.5</value>
		</property>
		<relationship name="effectChain">
			<destination>{39b3f90b-6b19-4e79-9899-6dac8bc0d9f3}</destination>
		</relationship>
		<relationship name="panner">
			<destination>{bc35e7e2-4d0a-4009-a509-b024f8a50b44}</destination>
		</relationship>
		<relationship name="mixer">
			<destination>{979765ce-a4fe-4323-a8d4-1d297ea44c9c}</destination>
		</relationship>
	</object>
	<object class="MultiSound" id="{68faa05e-9872-4adc-8f14-dd8ff0a7feea}">
		<relationship name="sounds">
			<destination>{eb9cb45c-503d-47e8-abed-09a67e8d26e7}</destination>
		</relationship>
	</object>
	<object class="MixerBusEffectChain" id="{22e10833-0c60-4e41-bf5f-699ceb79383d}">
		<relationship name="effects">
			<destination>{dd37fd4b-1fde-483e-a7df-dfdea2a7d46d}</destination>
		</relationship>
	</object>
	<object class="MixerBusPanner" id="{b6d866a3-9f93-41be-8649-b7844fdd2fc6}" />
	<object class="MixerBusEffectChain" id="{39b3f90b-6b19-4e79-9899-6dac8bc0d9f3}">
		<relationship name="effects">
			<destination>{40f20642-ce9b-4f52-8e60-2307d4e7162c}</destination>
		</relationship>
	</object>
	<object class="MixerBusPanner" id="{bc35e7e2-4d0a-4009-a509-b024f8a50b44}" />
	<object class="MultiSound" id="{eb9cb45c-503d-47e8-abed-09a67e8d26e7}">
		<relationship name="sounds">
			<destination>{42d1b300-eff0-46b2-9aa8-a43339b60d22}</destination>
			<destination>{6de20044-f40a-48a8-b2f8-59ca9710a881}</destination>
			<destination>{5b6bc60e-7dad-4edb-8d17-a16af6e6266e}</destination>
			<destination>{b2e577cb-9843-4894-a5ff-699579d56044}</destination>
			<destination>{acbed4fe-213e-40c6-aee6-b99543d08d5f}</destination>
			<destination>{25bc35ba-5043-4ab2-92c0-2b5a16d8256f}</destination>
			<destination>{c0c81c15-3ea2-46d0-b195-a32e1605765a}</destination>
		</relationship>
	</object>
	<object class="MixerBusFader" id="{dd37fd4b-1fde-483e-a7df-dfdea2a7d46d}" />
	<object class="MixerBusFader" id="{40f20642-ce9b-4f52-8e60-2307d4e7162c}" />
	<object class="SingleSound" id="{42d1b300-eff0-46b2-9aa8-a43339b60d22}">
		<relationship name="audioFile">
			<destination>{8af5cd9b-a6b3-4d8d-b993-9bd91ba42297}</destination>
		</relationship>
	</object>
	<object class="SingleSound" id="{6de20044-f40a-48a8-b2f8-59ca9710a881}">
		<relationship name="audioFile">
			<destination>{c51b32c1-248e-4186-af2b-bb2812030ec2}</destination>
		</relationship>
	</object>
	<object class="SingleSound" id="{5b6bc60e-7dad-4edb-8d17-a16af6e6266e}">
		<relationship name="audioFile">
			<destination>{c8761f8d-8cfc-430b-a26c-b83edb21f42c}</destination>
		</relationship>
	</object>
	<object class="SingleSound" id="{b2e577cb-9843-4894-a5ff-699579d56044}">
		<relationship name="audioFile">
			<destination>{f98ac849-2eab-4a72-888e-ed847cfd50f4}</destination>
		</relationship>
	</object>
	<object class="SingleSound" id="{acbed4fe-213e-40c6-aee6-b99543d08d5f}">
		<relationship name="audioFile">
			<destination>{9e5612cd-33c1-4931-bccc-fa9b427e42ed}</destination>
		</relationship>
	</object>
	<object class="SingleSound" id="{25bc35ba-5043-4ab2-92c0-2b5a16d8256f}">
		<relationship name="audioFile">
			<destination>{567ee566-acf3-4033-80db-af73ab6f898a}</destination>
		</relationship>
	</object>
	<object class="SingleSound" id="{c0c81c15-3ea2-46d0-b195-a32e1605765a}">
		<relationship name="audioFile">
			<destination>{7b2af7fe-ff64-4def-9a5e-4bfaba83a17e}</destination>
		</relationship>
	</object>
</objects>
