<?xml version="1.0" encoding="UTF-8"?>
<objects serializationModel="Studio.02.02.00">
	<object class="Event" id="{5a0d6c72-ff22-4efa-81a2-733e59ef460b}">
		<property name="name">
			<value>Effort</value>
		</property>
		<property name="outputFormat">
			<value>0</value>
		</property>
		<relationship name="folder">
			<destination>{8ffe6802-2074-457e-9a96-994788602b24}</destination>
		</relationship>
		<relationship name="mixer">
			<destination>{58a5c1fd-ff40-437c-ac85-0256c0cb6e30}</destination>
		</relationship>
		<relationship name="masterTrack">
			<destination>{9c563c38-3112-4193-950d-7aa77ccf7786}</destination>
		</relationship>
		<relationship name="mixerInput">
			<destination>{16fadf90-0af6-4c56-8730-167701ad617a}</destination>
		</relationship>
		<relationship name="automatableProperties">
			<destination>{d9bb83d6-33e6-4280-b02a-f38088cff240}</destination>
		</relationship>
		<relationship name="markerTracks">
			<destination>{a892ba90-ad59-4015-a2a2-d6e29ef8ac3a}</destination>
		</relationship>
		<relationship name="timeline">
			<destination>{6a4432bb-21ee-4acb-94b1-4a44cc94bb4e}</destination>
		</relationship>
		<relationship name="parameters">
			<destination>{6572c021-c2ff-440f-b598-3990a42ad0b9}</destination>
		</relationship>
		<relationship name="banks">
			<destination>{613cb608-2548-4094-ac12-cc35b25f859e}</destination>
		</relationship>
	</object>
	<object class="EventMixer" id="{58a5c1fd-ff40-437c-ac85-0256c0cb6e30}">
		<relationship name="masterBus">
			<destination>{672d8a1f-a06b-485d-bbac-0b5c7333a314}</destination>
		</relationship>
	</object>
	<object class="MasterTrack" id="{9c563c38-3112-4193-950d-7aa77ccf7786}">
		<relationship name="modules">
			<destination>{2169374d-e259-40d1-aeae-b62735a31901}</destination>
		</relationship>
		<relationship name="mixerGroup">
			<destination>{672d8a1f-a06b-485d-bbac-0b5c7333a314}</destination>
		</relationship>
	</object>
	<object class="MixerInput" id="{16fadf90-0af6-4c56-8730-167701ad617a}">
		<relationship name="effectChain">
			<destination>{b4baf36f-cbd9-4ff5-bf13-45d47d16fc13}</destination>
		</relationship>
		<relationship name="panner">
			<destination>{37f4c1c7-df88-4a0c-b914-05eca22adeb4}</destination>
		</relationship>
		<relationship name="output">
			<destination>{30cfe73f-e63a-4446-b440-2fc2bdae230c}</destination>
		</relationship>
	</object>
	<object class="EventAutomatableProperties" id="{d9bb83d6-33e6-4280-b02a-f38088cff240}" />
	<object class="MarkerTrack" id="{a892ba90-ad59-4015-a2a2-d6e29ef8ac3a}" />
	<object class="Timeline" id="{6a4432bb-21ee-4acb-94b1-4a44cc94bb4e}">
		<property name="isProxyEnabled">
			<value>false</value>
		</property>
	</object>
	<object class="ActionSheet" id="{6572c021-c2ff-440f-b598-3990a42ad0b9}">
		<relationship name="modules">
			<destination>{2169374d-e259-40d1-aeae-b62735a31901}</destination>
		</relationship>
	</object>
	<object class="EventMixerMaster" id="{672d8a1f-a06b-485d-bbac-0b5c7333a314}">
		<relationship name="effectChain">
			<destination>{774bd8c3-284e-4de2-93b1-31c3c4a79eef}</destination>
		</relationship>
		<relationship name="panner">
			<destination>{96270019-85f7-4fa1-a150-bbcad68c04c4}</destination>
		</relationship>
		<relationship name="mixer">
			<destination>{58a5c1fd-ff40-437c-ac85-0256c0cb6e30}</destination>
		</relationship>
	</object>
	<object class="MultiSound" id="{2169374d-e259-40d1-aeae-b62735a31901}">
		<relationship name="sounds">
			<destination>{37b2f172-870b-48a8-abdc-a93bce9c0f68}</destination>
		</relationship>
	</object>
	<object class="MixerBusEffectChain" id="{b4baf36f-cbd9-4ff5-bf13-45d47d16fc13}">
		<relationship name="effects">
			<destination>{c111e0b8-1c87-444b-a23f-46ebff6d1924}</destination>
		</relationship>
	</object>
	<object class="MixerBusPanner" id="{37f4c1c7-df88-4a0c-b914-05eca22adeb4}" />
	<object class="MixerBusEffectChain" id="{774bd8c3-284e-4de2-93b1-31c3c4a79eef}">
		<relationship name="effects">
			<destination>{b2209dae-0a38-4e05-9627-d8e13c7bff35}</destination>
		</relationship>
	</object>
	<object class="MixerBusPanner" id="{96270019-85f7-4fa1-a150-bbcad68c04c4}" />
	<object class="MultiSound" id="{37b2f172-870b-48a8-abdc-a93bce9c0f68}">
		<relationship name="sounds">
			<destination>{4ba12b85-d71f-4a93-a38f-d2a38716734b}</destination>
			<destination>{30b5bf2c-ce9e-425d-8a5b-c808cb75b6c2}</destination>
			<destination>{633abffd-5d13-4fb2-9493-c7678885d50c}</destination>
			<destination>{c90bf5be-4e04-4911-b4aa-74bc036874e8}</destination>
			<destination>{de838d61-9d0c-42d3-a4aa-6b750bdfb62d}</destination>
			<destination>{ef2f0061-366e-4fca-a78f-5f2ee9a3716e}</destination>
			<destination>{2156d6ef-a9a5-46e0-aa3a-df345de6a32d}</destination>
			<destination>{8c3d4a37-d19e-4e27-86ec-ecc169d1f366}</destination>
		</relationship>
	</object>
	<object class="MixerBusFader" id="{c111e0b8-1c87-444b-a23f-46ebff6d1924}" />
	<object class="MixerBusFader" id="{b2209dae-0a38-4e05-9627-d8e13c7bff35}" />
	<object class="SingleSound" id="{4ba12b85-d71f-4a93-a38f-d2a38716734b}">
		<relationship name="audioFile">
			<destination>{39453055-8b9f-464e-9b3f-19e3845c13b1}</destination>
		</relationship>
	</object>
	<object class="SingleSound" id="{30b5bf2c-ce9e-425d-8a5b-c808cb75b6c2}">
		<relationship name="audioFile">
			<destination>{eabac0f9-602a-4d6b-b042-e63588b9dc11}</destination>
		</relationship>
	</object>
	<object class="SingleSound" id="{633abffd-5d13-4fb2-9493-c7678885d50c}">
		<relationship name="audioFile">
			<destination>{4d223f81-a046-4f94-8580-dbd0f0ed1c53}</destination>
		</relationship>
	</object>
	<object class="SingleSound" id="{c90bf5be-4e04-4911-b4aa-74bc036874e8}">
		<relationship name="audioFile">
			<destination>{7f0d4b44-eeae-4742-b62e-a56a081d4a5a}</destination>
		</relationship>
	</object>
	<object class="SingleSound" id="{de838d61-9d0c-42d3-a4aa-6b750bdfb62d}">
		<relationship name="audioFile">
			<destination>{e2f2e0ad-52f5-46bc-9408-d4df644f88fb}</destination>
		</relationship>
	</object>
	<object class="SingleSound" id="{ef2f0061-366e-4fca-a78f-5f2ee9a3716e}">
		<relationship name="audioFile">
			<destination>{cc87d2eb-0bce-4781-986b-d9e71eaf960b}</destination>
		</relationship>
	</object>
	<object class="SingleSound" id="{2156d6ef-a9a5-46e0-aa3a-df345de6a32d}">
		<relationship name="audioFile">
			<destination>{67df6e8d-c15f-4da2-b40b-be28708fc1e3}</destination>
		</relationship>
	</object>
	<object class="SingleSound" id="{8c3d4a37-d19e-4e27-86ec-ecc169d1f366}">
		<relationship name="audioFile">
			<destination>{89c41e36-45e2-4367-b1fc-d583e876825a}</destination>
		</relationship>
	</object>
</objects>
