<?xml version="1.0" encoding="UTF-8"?>
<objects serializationModel="Studio.02.02.00">
	<object class="Event" id="{5d137bd5-cee7-431f-91d9-9e6c912bc332}">
		<property name="name">
			<value>Sword</value>
		</property>
		<property name="outputFormat">
			<value>0</value>
		</property>
		<relationship name="folder">
			<destination>{f7538c33-5961-4062-bf61-506192a9b0bf}</destination>
		</relationship>
		<relationship name="mixer">
			<destination>{b34637d0-7b04-43f6-9c59-55df0b6fc511}</destination>
		</relationship>
		<relationship name="masterTrack">
			<destination>{453a256d-368a-42da-ab78-062ce4127392}</destination>
		</relationship>
		<relationship name="mixerInput">
			<destination>{00770723-b3e6-49f5-8ffb-35a6bce764c3}</destination>
		</relationship>
		<relationship name="automatableProperties">
			<destination>{aa00e6a4-397a-4861-88aa-3c19465ee7e5}</destination>
		</relationship>
		<relationship name="markerTracks">
			<destination>{2172730c-941d-4c51-b7a0-aaa6a4f5ed04}</destination>
		</relationship>
		<relationship name="timeline">
			<destination>{8829e97d-e0d1-403f-a740-fbc5d556a000}</destination>
		</relationship>
		<relationship name="parameters">
			<destination>{ececbf35-83d5-457b-b7e3-70a467cb8336}</destination>
		</relationship>
		<relationship name="banks">
			<destination>{613cb608-2548-4094-ac12-cc35b25f859e}</destination>
		</relationship>
	</object>
	<object class="EventMixer" id="{b34637d0-7b04-43f6-9c59-55df0b6fc511}">
		<relationship name="masterBus">
			<destination>{64dc8e09-4e87-4dba-8bd8-eb4b61659857}</destination>
		</relationship>
	</object>
	<object class="MasterTrack" id="{453a256d-368a-42da-ab78-062ce4127392}">
		<relationship name="modules">
			<destination>{fd206844-a5af-4612-9ddc-1de013f60700}</destination>
		</relationship>
		<relationship name="mixerGroup">
			<destination>{64dc8e09-4e87-4dba-8bd8-eb4b61659857}</destination>
		</relationship>
	</object>
	<object class="MixerInput" id="{00770723-b3e6-49f5-8ffb-35a6bce764c3}">
		<relationship name="effectChain">
			<destination>{4d96c79f-ea3d-43d0-96de-0a6923131dde}</destination>
		</relationship>
		<relationship name="panner">
			<destination>{ddb52c91-b1b4-45d9-a96b-49c108dd2924}</destination>
		</relationship>
		<relationship name="output">
			<destination>{30cfe73f-e63a-4446-b440-2fc2bdae230c}</destination>
		</relationship>
	</object>
	<object class="EventAutomatableProperties" id="{aa00e6a4-397a-4861-88aa-3c19465ee7e5}" />
	<object class="MarkerTrack" id="{2172730c-941d-4c51-b7a0-aaa6a4f5ed04}" />
	<object class="Timeline" id="{8829e97d-e0d1-403f-a740-fbc5d556a000}">
		<property name="isProxyEnabled">
			<value>false</value>
		</property>
	</object>
	<object class="ActionSheet" id="{ececbf35-83d5-457b-b7e3-70a467cb8336}">
		<relationship name="modules">
			<destination>{fd206844-a5af-4612-9ddc-1de013f60700}</destination>
		</relationship>
	</object>
	<object class="EventMixerMaster" id="{64dc8e09-4e87-4dba-8bd8-eb4b61659857}">
		<property name="pitch">
			<value>1.80000007</value>
		</property>
		<relationship name="effectChain">
			<destination>{557359d3-0183-4c15-ac2a-2da3f5459504}</destination>
		</relationship>
		<relationship name="panner">
			<destination>{e593893f-309b-43d7-9e36-eb518c929e8e}</destination>
		</relationship>
		<relationship name="mixer">
			<destination>{b34637d0-7b04-43f6-9c59-55df0b6fc511}</destination>
		</relationship>
	</object>
	<object class="MultiSound" id="{fd206844-a5af-4612-9ddc-1de013f60700}">
		<relationship name="sounds">
			<destination>{7ee0737d-c8ba-46f4-88ac-66c61c4ae9c9}</destination>
		</relationship>
	</object>
	<object class="MixerBusEffectChain" id="{4d96c79f-ea3d-43d0-96de-0a6923131dde}">
		<relationship name="effects">
			<destination>{8fb5e306-a9cc-432a-925c-bb379e828d3b}</destination>
		</relationship>
	</object>
	<object class="MixerBusPanner" id="{ddb52c91-b1b4-45d9-a96b-49c108dd2924}" />
	<object class="MixerBusEffectChain" id="{557359d3-0183-4c15-ac2a-2da3f5459504}">
		<relationship name="effects">
			<destination>{381e12c5-e170-47fd-add8-56ef2720481f}</destination>
		</relationship>
	</object>
	<object class="MixerBusPanner" id="{e593893f-309b-43d7-9e36-eb518c929e8e}" />
	<object class="MultiSound" id="{7ee0737d-c8ba-46f4-88ac-66c61c4ae9c9}">
		<relationship name="sounds">
			<destination>{81bd3f22-b523-4172-88a2-444a54bd2c62}</destination>
			<destination>{96894a24-e876-41e7-a1c5-dcf47b846926}</destination>
			<destination>{b2aa1956-2d06-4734-af88-aff69aa035c8}</destination>
			<destination>{399de431-1c62-48a4-8c2a-0f648a3b534d}</destination>
			<destination>{41c6c4cb-27b3-4925-a4c1-7dd15a6ebae3}</destination>
			<destination>{088c751f-457a-46ee-ab7e-641bf52f6be7}</destination>
			<destination>{5e83fd43-e71d-4158-887b-3e76dce2ca2d}</destination>
			<destination>{2ebbf30f-ebc6-4904-bef9-fad67150dd3d}</destination>
		</relationship>
	</object>
	<object class="MixerBusFader" id="{8fb5e306-a9cc-432a-925c-bb379e828d3b}" />
	<object class="MixerBusFader" id="{381e12c5-e170-47fd-add8-56ef2720481f}" />
	<object class="SingleSound" id="{81bd3f22-b523-4172-88a2-444a54bd2c62}">
		<relationship name="audioFile">
			<destination>{2a918d64-4f22-48dd-88fd-6aba93a8ef3a}</destination>
		</relationship>
	</object>
	<object class="SingleSound" id="{96894a24-e876-41e7-a1c5-dcf47b846926}">
		<relationship name="audioFile">
			<destination>{f10055f7-94cb-43aa-88e9-d8c0cee40d9e}</destination>
		</relationship>
	</object>
	<object class="SingleSound" id="{b2aa1956-2d06-4734-af88-aff69aa035c8}">
		<relationship name="audioFile">
			<destination>{00b34e6b-c592-4212-8a5b-633f8b4d2d5f}</destination>
		</relationship>
	</object>
	<object class="SingleSound" id="{399de431-1c62-48a4-8c2a-0f648a3b534d}">
		<relationship name="audioFile">
			<destination>{ae30ebd0-eede-4774-a67d-4256873e9441}</destination>
		</relationship>
	</object>
	<object class="SingleSound" id="{41c6c4cb-27b3-4925-a4c1-7dd15a6ebae3}">
		<relationship name="audioFile">
			<destination>{4d1364bb-48f8-462e-88d5-7cd80135f432}</destination>
		</relationship>
	</object>
	<object class="SingleSound" id="{088c751f-457a-46ee-ab7e-641bf52f6be7}">
		<relationship name="audioFile">
			<destination>{361076d8-bdd0-4ecc-92fb-ef0d174ed880}</destination>
		</relationship>
	</object>
	<object class="SingleSound" id="{5e83fd43-e71d-4158-887b-3e76dce2ca2d}">
		<relationship name="audioFile">
			<destination>{8cb0a0f8-3c13-42b3-bc20-0dfe14e34a54}</destination>
		</relationship>
	</object>
	<object class="SingleSound" id="{2ebbf30f-ebc6-4904-bef9-fad67150dd3d}">
		<relationship name="audioFile">
			<destination>{1842b6fa-086c-4501-9464-9bccffd23a12}</destination>
		</relationship>
	</object>
</objects>
