<?xml version="1.0" encoding="UTF-8"?>
<objects serializationModel="Studio.02.02.00">
	<object class="Event" id="{6d27b5b1-1ed3-4ed8-9301-184e39e8e731}">
		<property name="name">
			<value>W.M_Mus_Boss_Foam</value>
		</property>
		<property name="outputFormat">
			<value>2</value>
		</property>
		<relationship name="folder">
			<destination>{2e0a54e0-fc92-4cae-93ad-b0211f702c9b}</destination>
		</relationship>
		<relationship name="mixer">
			<destination>{0c7e3d0a-caed-44b8-8a9b-48e5c3233ea3}</destination>
		</relationship>
		<relationship name="masterTrack">
			<destination>{70873b5d-3cd1-4582-8a21-e270079dc1d8}</destination>
		</relationship>
		<relationship name="mixerInput">
			<destination>{cfc63271-d2f1-4e17-80d9-b7bb3671e198}</destination>
		</relationship>
		<relationship name="automatableProperties">
			<destination>{0e713346-dc1c-41de-a419-064ab1416ffb}</destination>
		</relationship>
		<relationship name="markerTracks">
			<destination>{7ec18eeb-b963-45b8-9d55-8f37f9712a50}</destination>
		</relationship>
		<relationship name="groupTracks">
			<destination>{2654daec-4841-42b5-9c27-b07cb5ee8340}</destination>
		</relationship>
		<relationship name="timeline">
			<destination>{fc4163a1-aed5-405e-a060-01eb15c11148}</destination>
		</relationship>
		<relationship name="banks">
			<destination>{9dd90c19-d7e5-4805-b648-0aa04fbd1a92}</destination>
		</relationship>
	</object>
	<object class="EventMixer" id="{0c7e3d0a-caed-44b8-8a9b-48e5c3233ea3}">
		<relationship name="masterBus">
			<destination>{aaa8a5f4-da6e-4377-850f-5ac2ffc1855b}</destination>
		</relationship>
	</object>
	<object class="MasterTrack" id="{70873b5d-3cd1-4582-8a21-e270079dc1d8}">
		<relationship name="mixerGroup">
			<destination>{aaa8a5f4-da6e-4377-850f-5ac2ffc1855b}</destination>
		</relationship>
	</object>
	<object class="MixerInput" id="{cfc63271-d2f1-4e17-80d9-b7bb3671e198}">
		<relationship name="effectChain">
			<destination>{f1edb479-e380-4eda-8bf5-6902b32485e5}</destination>
		</relationship>
		<relationship name="panner">
			<destination>{9c35b940-b605-4854-b25e-588856608ffa}</destination>
		</relationship>
		<relationship name="output">
			<destination>{30cfe73f-e63a-4446-b440-2fc2bdae230c}</destination>
		</relationship>
	</object>
	<object class="EventAutomatableProperties" id="{0e713346-dc1c-41de-a419-064ab1416ffb}" />
	<object class="MarkerTrack" id="{7ec18eeb-b963-45b8-9d55-8f37f9712a50}" />
	<object class="GroupTrack" id="{2654daec-4841-42b5-9c27-b07cb5ee8340}">
		<relationship name="modules">
			<destination>{302d0da8-bc67-4b17-ad86-27fcc177f0a5}</destination>
		</relationship>
		<relationship name="mixerGroup">
			<destination>{4a530319-f8d8-48f7-9172-5db9586c0daf}</destination>
		</relationship>
	</object>
	<object class="Timeline" id="{fc4163a1-aed5-405e-a060-01eb15c11148}">
		<relationship name="modules">
			<destination>{302d0da8-bc67-4b17-ad86-27fcc177f0a5}</destination>
		</relationship>
		<relationship name="markers">
			<destination>{32f55960-2180-4821-90f4-d2f202510768}</destination>
		</relationship>
	</object>
	<object class="EventMixerMaster" id="{aaa8a5f4-da6e-4377-850f-5ac2ffc1855b}">
		<relationship name="effectChain">
			<destination>{5fdca118-067b-4c78-bf2d-057c1d47799f}</destination>
		</relationship>
		<relationship name="panner">
			<destination>{795f76e4-1bdb-47a3-81e4-d2c750c0bb19}</destination>
		</relationship>
		<relationship name="mixer">
			<destination>{0c7e3d0a-caed-44b8-8a9b-48e5c3233ea3}</destination>
		</relationship>
	</object>
	<object class="MixerBusEffectChain" id="{f1edb479-e380-4eda-8bf5-6902b32485e5}">
		<relationship name="effects">
			<destination>{9475dd29-cb89-49f0-b6c4-64a5e16741df}</destination>
		</relationship>
	</object>
	<object class="MixerBusPanner" id="{9c35b940-b605-4854-b25e-588856608ffa}" />
	<object class="SingleSound" id="{302d0da8-bc67-4b17-ad86-27fcc177f0a5}">
		<property name="color">
			<value>Magenta Light 2</value>
		</property>
		<property name="length">
			<value>61.071416666666664</value>
		</property>
		<relationship name="audioFile">
			<destination>{fc8c915b-c46f-4e54-abf4-b2b14693c844}</destination>
		</relationship>
	</object>
	<object class="EventMixerGroup" id="{4a530319-f8d8-48f7-9172-5db9586c0daf}">
		<property name="name">
			<value>Audio 1</value>
		</property>
		<relationship name="effectChain">
			<destination>{b6e3c64c-e61f-4bd8-b13d-450c7b2325be}</destination>
		</relationship>
		<relationship name="panner">
			<destination>{e6d70591-d8da-4ab2-97ee-1ff51db77702}</destination>
		</relationship>
		<relationship name="output">
			<destination>{aaa8a5f4-da6e-4377-850f-5ac2ffc1855b}</destination>
		</relationship>
	</object>
	<object class="LoopRegion" id="{32f55960-2180-4821-90f4-d2f202510768}">
		<property name="position">
			<value>0</value>
		</property>
		<property name="length">
			<value>61.071416666666664</value>
		</property>
		<relationship name="timeline">
			<destination>{fc4163a1-aed5-405e-a060-01eb15c11148}</destination>
		</relationship>
		<relationship name="markerTrack">
			<destination>{7ec18eeb-b963-45b8-9d55-8f37f9712a50}</destination>
		</relationship>
	</object>
	<object class="MixerBusEffectChain" id="{5fdca118-067b-4c78-bf2d-057c1d47799f}">
		<relationship name="effects">
			<destination>{bea8b714-263a-464f-83b4-5d21d5736f33}</destination>
			<destination>{f2161894-f8c9-4316-aabc-47d7e8d03361}</destination>
		</relationship>
	</object>
	<object class="MixerBusPanner" id="{795f76e4-1bdb-47a3-81e4-d2c750c0bb19}" />
	<object class="MixerBusFader" id="{9475dd29-cb89-49f0-b6c4-64a5e16741df}" />
	<object class="MixerBusEffectChain" id="{b6e3c64c-e61f-4bd8-b13d-450c7b2325be}">
		<relationship name="effects">
			<destination>{e002013a-dad5-432b-b487-7d45a185e126}</destination>
		</relationship>
	</object>
	<object class="MixerBusPanner" id="{e6d70591-d8da-4ab2-97ee-1ff51db77702}" />
	<object class="MixerBusFader" id="{bea8b714-263a-464f-83b4-5d21d5736f33}" />
	<object class="SpatialiserEffect" id="{f2161894-f8c9-4316-aabc-47d7e8d03361}" />
	<object class="MixerBusFader" id="{e002013a-dad5-432b-b487-7d45a185e126}" />
</objects>
