<?xml version="1.0" encoding="UTF-8"?>
<objects serializationModel="Studio.02.02.00">
	<object class="Event" id="{6d8e1649-44ff-499a-8ce3-7c6a0dbb0846}">
		<property name="name">
			<value>Shield on</value>
		</property>
		<property name="outputFormat">
			<value>0</value>
		</property>
		<relationship name="folder">
			<destination>{f7538c33-5961-4062-bf61-506192a9b0bf}</destination>
		</relationship>
		<relationship name="mixer">
			<destination>{46415907-d89e-462d-b713-8339dfd6ee41}</destination>
		</relationship>
		<relationship name="masterTrack">
			<destination>{ff05899d-0029-47b5-b279-9d2a2beb6262}</destination>
		</relationship>
		<relationship name="mixerInput">
			<destination>{1b56a0e4-5a13-4a61-b31f-b1e2b0cacad9}</destination>
		</relationship>
		<relationship name="automatableProperties">
			<destination>{5c25c83d-eac3-462d-a3c2-376af754b22e}</destination>
		</relationship>
		<relationship name="markerTracks">
			<destination>{6cc319c9-5392-4adb-826d-52b199521d4f}</destination>
		</relationship>
		<relationship name="timeline">
			<destination>{89868706-090b-4ff1-a5b0-adc031cac6c7}</destination>
		</relationship>
		<relationship name="parameters">
			<destination>{d82bfeae-96c3-47cd-883e-15369ba11c69}</destination>
		</relationship>
		<relationship name="banks">
			<destination>{613cb608-2548-4094-ac12-cc35b25f859e}</destination>
		</relationship>
	</object>
	<object class="EventMixer" id="{46415907-d89e-462d-b713-8339dfd6ee41}">
		<relationship name="masterBus">
			<destination>{b19d391f-aa91-493a-9256-95f1699aed89}</destination>
		</relationship>
	</object>
	<object class="MasterTrack" id="{ff05899d-0029-47b5-b279-9d2a2beb6262}">
		<relationship name="modules">
			<destination>{17f95b0d-0b8d-442e-926c-bb9711293da4}</destination>
		</relationship>
		<relationship name="mixerGroup">
			<destination>{b19d391f-aa91-493a-9256-95f1699aed89}</destination>
		</relationship>
	</object>
	<object class="MixerInput" id="{1b56a0e4-5a13-4a61-b31f-b1e2b0cacad9}">
		<relationship name="effectChain">
			<destination>{1c8c4656-b888-4d9d-9edd-06fae5bf2051}</destination>
		</relationship>
		<relationship name="panner">
			<destination>{eaf588c0-0b0d-4f0e-8232-0b6fd0eb2dbf}</destination>
		</relationship>
		<relationship name="output">
			<destination>{30cfe73f-e63a-4446-b440-2fc2bdae230c}</destination>
		</relationship>
	</object>
	<object class="EventAutomatableProperties" id="{5c25c83d-eac3-462d-a3c2-376af754b22e}" />
	<object class="MarkerTrack" id="{6cc319c9-5392-4adb-826d-52b199521d4f}" />
	<object class="Timeline" id="{89868706-090b-4ff1-a5b0-adc031cac6c7}">
		<property name="isProxyEnabled">
			<value>false</value>
		</property>
	</object>
	<object class="ActionSheet" id="{d82bfeae-96c3-47cd-883e-15369ba11c69}">
		<relationship name="modules">
			<destination>{17f95b0d-0b8d-442e-926c-bb9711293da4}</destination>
		</relationship>
	</object>
	<object class="EventMixerMaster" id="{b19d391f-aa91-493a-9256-95f1699aed89}">
		<relationship name="effectChain">
			<destination>{f85e4ca7-f47d-4560-9607-20b0858ec6e4}</destination>
		</relationship>
		<relationship name="panner">
			<destination>{a4f3d1c8-f575-47e3-aaeb-d6ab0ff63a17}</destination>
		</relationship>
		<relationship name="mixer">
			<destination>{46415907-d89e-462d-b713-8339dfd6ee41}</destination>
		</relationship>
	</object>
	<object class="MultiSound" id="{17f95b0d-0b8d-442e-926c-bb9711293da4}">
		<relationship name="sounds">
			<destination>{b4537eca-fef1-4257-807f-5cf1c6e22781}</destination>
		</relationship>
	</object>
	<object class="MixerBusEffectChain" id="{1c8c4656-b888-4d9d-9edd-06fae5bf2051}">
		<relationship name="effects">
			<destination>{d4be2edb-5390-43bd-bd88-39337f8fb78d}</destination>
		</relationship>
	</object>
	<object class="MixerBusPanner" id="{eaf588c0-0b0d-4f0e-8232-0b6fd0eb2dbf}" />
	<object class="MixerBusEffectChain" id="{f85e4ca7-f47d-4560-9607-20b0858ec6e4}">
		<relationship name="effects">
			<destination>{2fb89014-3950-41d7-9cd2-88bcb378cc26}</destination>
		</relationship>
	</object>
	<object class="MixerBusPanner" id="{a4f3d1c8-f575-47e3-aaeb-d6ab0ff63a17}" />
	<object class="MultiSound" id="{b4537eca-fef1-4257-807f-5cf1c6e22781}">
		<relationship name="sounds">
			<destination>{1df86f3a-9c6b-4520-b3f5-fef24485268b}</destination>
			<destination>{e47e641e-ec8a-48de-89d2-9b76298730ad}</destination>
			<destination>{972f07d3-974e-4996-b713-6499ca8866bb}</destination>
			<destination>{c8749b0e-cc6e-474d-a037-3fe5a1ea16fa}</destination>
			<destination>{a21f54e2-6aa4-4a42-af32-d09ddd9771b3}</destination>
			<destination>{32d739a9-4d94-451b-ad13-55c4b8632038}</destination>
		</relationship>
	</object>
	<object class="MixerBusFader" id="{d4be2edb-5390-43bd-bd88-39337f8fb78d}" />
	<object class="MixerBusFader" id="{2fb89014-3950-41d7-9cd2-88bcb378cc26}" />
	<object class="SingleSound" id="{1df86f3a-9c6b-4520-b3f5-fef24485268b}">
		<relationship name="audioFile">
			<destination>{41a1e0fa-59d0-4445-af80-019271a11540}</destination>
		</relationship>
	</object>
	<object class="SingleSound" id="{e47e641e-ec8a-48de-89d2-9b76298730ad}">
		<relationship name="audioFile">
			<destination>{d2009300-30a6-4627-817e-2645be56ce47}</destination>
		</relationship>
	</object>
	<object class="SingleSound" id="{972f07d3-974e-4996-b713-6499ca8866bb}">
		<relationship name="audioFile">
			<destination>{724df9c2-7d0e-413a-a39e-a1d459828f83}</destination>
		</relationship>
	</object>
	<object class="SingleSound" id="{c8749b0e-cc6e-474d-a037-3fe5a1ea16fa}">
		<relationship name="audioFile">
			<destination>{ca725a16-7563-4f32-b837-8e546d09c818}</destination>
		</relationship>
	</object>
	<object class="SingleSound" id="{a21f54e2-6aa4-4a42-af32-d09ddd9771b3}">
		<relationship name="audioFile">
			<destination>{74a6a2c8-c0bc-4964-ba86-23b3d7df8311}</destination>
		</relationship>
	</object>
	<object class="SingleSound" id="{32d739a9-4d94-451b-ad13-55c4b8632038}">
		<relationship name="audioFile">
			<destination>{37c8e422-c3b5-4ee4-a5ec-b4fec296dcbd}</destination>
		</relationship>
	</object>
</objects>
