<?xml version="1.0" encoding="UTF-8"?>
<objects serializationModel="Studio.02.02.00">
	<object class="Event" id="{6dbad8fa-fef2-44fc-a605-203aae7c0747}">
		<property name="name">
			<value>Roll</value>
		</property>
		<property name="outputFormat">
			<value>0</value>
		</property>
		<relationship name="folder">
			<destination>{8ffe6802-2074-457e-9a96-994788602b24}</destination>
		</relationship>
		<relationship name="mixer">
			<destination>{171d773f-9f31-437f-9246-091a8e8f0dc4}</destination>
		</relationship>
		<relationship name="masterTrack">
			<destination>{999dfd8b-d731-42b4-895f-001292b0e262}</destination>
		</relationship>
		<relationship name="mixerInput">
			<destination>{19936d4c-1ba8-4eef-be08-32899b2afd6a}</destination>
		</relationship>
		<relationship name="automatableProperties">
			<destination>{b479016f-523f-43b3-9b1a-d75965598329}</destination>
		</relationship>
		<relationship name="markerTracks">
			<destination>{f992a8bc-0041-4862-ad63-268e329b2aa4}</destination>
		</relationship>
		<relationship name="timeline">
			<destination>{9a896a6d-04b4-40ff-b915-7df1f55a3d8c}</destination>
		</relationship>
		<relationship name="parameters">
			<destination>{61e81f99-3ffd-4465-8157-f7061091e29c}</destination>
		</relationship>
		<relationship name="banks">
			<destination>{613cb608-2548-4094-ac12-cc35b25f859e}</destination>
		</relationship>
	</object>
	<object class="EventMixer" id="{171d773f-9f31-437f-9246-091a8e8f0dc4}">
		<relationship name="masterBus">
			<destination>{8a8f5fbc-fe0b-445b-b116-ece21f9db8df}</destination>
		</relationship>
	</object>
	<object class="MasterTrack" id="{999dfd8b-d731-42b4-895f-001292b0e262}">
		<relationship name="modules">
			<destination>{e9e1b3f4-3a10-4dde-94f2-e67262f07b59}</destination>
		</relationship>
		<relationship name="mixerGroup">
			<destination>{8a8f5fbc-fe0b-445b-b116-ece21f9db8df}</destination>
		</relationship>
	</object>
	<object class="MixerInput" id="{19936d4c-1ba8-4eef-be08-32899b2afd6a}">
		<relationship name="effectChain">
			<destination>{2c2605aa-9c13-41cf-a107-0fb96330c545}</destination>
		</relationship>
		<relationship name="panner">
			<destination>{8a03511f-6369-4589-9ea6-088e82b0dfa9}</destination>
		</relationship>
		<relationship name="output">
			<destination>{30cfe73f-e63a-4446-b440-2fc2bdae230c}</destination>
		</relationship>
	</object>
	<object class="EventAutomatableProperties" id="{b479016f-523f-43b3-9b1a-d75965598329}" />
	<object class="MarkerTrack" id="{f992a8bc-0041-4862-ad63-268e329b2aa4}" />
	<object class="Timeline" id="{9a896a6d-04b4-40ff-b915-7df1f55a3d8c}">
		<property name="isProxyEnabled">
			<value>false</value>
		</property>
	</object>
	<object class="ActionSheet" id="{61e81f99-3ffd-4465-8157-f7061091e29c}">
		<relationship name="modules">
			<destination>{e9e1b3f4-3a10-4dde-94f2-e67262f07b59}</destination>
		</relationship>
	</object>
	<object class="EventMixerMaster" id="{8a8f5fbc-fe0b-445b-b116-ece21f9db8df}">
		<relationship name="effectChain">
			<destination>{c300607b-7963-4e7b-b2b7-d96a4f7e0da3}</destination>
		</relationship>
		<relationship name="panner">
			<destination>{45d6db41-a4c2-4b63-a01f-cc2e946dc2bc}</destination>
		</relationship>
		<relationship name="mixer">
			<destination>{171d773f-9f31-437f-9246-091a8e8f0dc4}</destination>
		</relationship>
	</object>
	<object class="MultiSound" id="{e9e1b3f4-3a10-4dde-94f2-e67262f07b59}">
		<relationship name="sounds">
			<destination>{a74d8d1c-7420-4047-a8b9-0dbfc5397441}</destination>
		</relationship>
	</object>
	<object class="MixerBusEffectChain" id="{2c2605aa-9c13-41cf-a107-0fb96330c545}">
		<relationship name="effects">
			<destination>{1703b76a-8de8-4402-85f5-464686994c10}</destination>
		</relationship>
	</object>
	<object class="MixerBusPanner" id="{8a03511f-6369-4589-9ea6-088e82b0dfa9}" />
	<object class="MixerBusEffectChain" id="{c300607b-7963-4e7b-b2b7-d96a4f7e0da3}">
		<relationship name="effects">
			<destination>{eed130bf-d1de-400a-be9b-12b40316b59f}</destination>
		</relationship>
	</object>
	<object class="MixerBusPanner" id="{45d6db41-a4c2-4b63-a01f-cc2e946dc2bc}" />
	<object class="MultiSound" id="{a74d8d1c-7420-4047-a8b9-0dbfc5397441}">
		<relationship name="sounds">
			<destination>{4a59eb5a-9a90-4864-88e9-1c81e57a98f1}</destination>
			<destination>{597d519b-5b4c-4322-8e6f-1b193d745126}</destination>
			<destination>{dcf671c8-670c-47ce-aa07-bf7995b03108}</destination>
			<destination>{84ffdb61-ecb8-47d9-bd22-1e842a7c865b}</destination>
		</relationship>
	</object>
	<object class="MixerBusFader" id="{1703b76a-8de8-4402-85f5-464686994c10}" />
	<object class="MixerBusFader" id="{eed130bf-d1de-400a-be9b-12b40316b59f}" />
	<object class="SingleSound" id="{4a59eb5a-9a90-4864-88e9-1c81e57a98f1}">
		<relationship name="audioFile">
			<destination>{4e7ed513-c0a4-4a89-a303-4958ff50a2de}</destination>
		</relationship>
	</object>
	<object class="SingleSound" id="{597d519b-5b4c-4322-8e6f-1b193d745126}">
		<property name="volume">
			<value>10</value>
		</property>
		<relationship name="audioFile">
			<destination>{8be49935-1d70-48ac-aad4-42466d31e5b8}</destination>
		</relationship>
	</object>
	<object class="SingleSound" id="{dcf671c8-670c-47ce-aa07-bf7995b03108}">
		<relationship name="audioFile">
			<destination>{31156a87-0276-4339-94b0-ffe1d763a8fd}</destination>
		</relationship>
	</object>
	<object class="SingleSound" id="{84ffdb61-ecb8-47d9-bd22-1e842a7c865b}">
		<relationship name="audioFile">
			<destination>{bde6566e-3ec6-4dbd-b314-31f543590907}</destination>
		</relationship>
	</object>
</objects>
