<?xml version="1.0" encoding="UTF-8"?>
<objects serializationModel="Studio.02.02.00">
	<object class="Event" id="{9486f8a9-e9d7-4541-a691-4825a10aefbb}">
		<property name="name">
			<value>Sword</value>
		</property>
		<property name="outputFormat">
			<value>0</value>
		</property>
		<relationship name="folder">
			<destination>{8b913f05-d938-449b-aaae-a5d10c3a3443}</destination>
		</relationship>
		<relationship name="mixer">
			<destination>{feb5f2be-c05c-4b9d-b185-9a2d028dcd04}</destination>
		</relationship>
		<relationship name="masterTrack">
			<destination>{00d5030b-93e4-44f4-9844-efcf37d138f6}</destination>
		</relationship>
		<relationship name="mixerInput">
			<destination>{1526dd69-1a09-419c-aa05-bf8aa3bf09ff}</destination>
		</relationship>
		<relationship name="automatableProperties">
			<destination>{3090feb5-5993-4b9e-aa15-fc0559cdd6db}</destination>
		</relationship>
		<relationship name="markerTracks">
			<destination>{59c43e7e-6632-43f2-a546-baf9c4fb58af}</destination>
		</relationship>
		<relationship name="timeline">
			<destination>{5aba2473-c1e2-4cb4-aff6-213c2f2719f9}</destination>
		</relationship>
		<relationship name="parameters">
			<destination>{5cc50bb5-2aeb-4888-b5a1-1eecbc4e5586}</destination>
		</relationship>
		<relationship name="banks">
			<destination>{613cb608-2548-4094-ac12-cc35b25f859e}</destination>
		</relationship>
	</object>
	<object class="EventMixer" id="{feb5f2be-c05c-4b9d-b185-9a2d028dcd04}">
		<relationship name="masterBus">
			<destination>{d5e44a99-7a88-4288-a9d1-aeb883361b45}</destination>
		</relationship>
	</object>
	<object class="MasterTrack" id="{00d5030b-93e4-44f4-9844-efcf37d138f6}">
		<relationship name="modules">
			<destination>{69e8956a-c36b-457b-8644-a88ba75f1782}</destination>
		</relationship>
		<relationship name="mixerGroup">
			<destination>{d5e44a99-7a88-4288-a9d1-aeb883361b45}</destination>
		</relationship>
	</object>
	<object class="MixerInput" id="{1526dd69-1a09-419c-aa05-bf8aa3bf09ff}">
		<relationship name="effectChain">
			<destination>{58fe7034-e9c1-482e-b781-d81d38972662}</destination>
		</relationship>
		<relationship name="panner">
			<destination>{8e8b1170-8a7b-443a-bcce-0d67e04b3940}</destination>
		</relationship>
		<relationship name="output">
			<destination>{30cfe73f-e63a-4446-b440-2fc2bdae230c}</destination>
		</relationship>
	</object>
	<object class="EventAutomatableProperties" id="{3090feb5-5993-4b9e-aa15-fc0559cdd6db}" />
	<object class="MarkerTrack" id="{59c43e7e-6632-43f2-a546-baf9c4fb58af}" />
	<object class="Timeline" id="{5aba2473-c1e2-4cb4-aff6-213c2f2719f9}">
		<property name="isProxyEnabled">
			<value>false</value>
		</property>
	</object>
	<object class="ActionSheet" id="{5cc50bb5-2aeb-4888-b5a1-1eecbc4e5586}">
		<relationship name="modules">
			<destination>{69e8956a-c36b-457b-8644-a88ba75f1782}</destination>
		</relationship>
	</object>
	<object class="EventMixerMaster" id="{d5e44a99-7a88-4288-a9d1-aeb883361b45}">
		<property name="pitch">
			<value>1.80000007</value>
		</property>
		<relationship name="effectChain">
			<destination>{fdde39fc-a915-4d70-b7ab-9ccb8cbd46bc}</destination>
		</relationship>
		<relationship name="panner">
			<destination>{0b2452a0-7c93-41f1-a046-99284fcf374e}</destination>
		</relationship>
		<relationship name="mixer">
			<destination>{feb5f2be-c05c-4b9d-b185-9a2d028dcd04}</destination>
		</relationship>
	</object>
	<object class="MultiSound" id="{69e8956a-c36b-457b-8644-a88ba75f1782}">
		<relationship name="sounds">
			<destination>{e31beaaf-67e2-42ae-882a-e066a7a11d0c}</destination>
		</relationship>
	</object>
	<object class="MixerBusEffectChain" id="{58fe7034-e9c1-482e-b781-d81d38972662}">
		<relationship name="effects">
			<destination>{5b4cfcfb-1b9e-45b5-8100-65fb8751bb85}</destination>
		</relationship>
	</object>
	<object class="MixerBusPanner" id="{8e8b1170-8a7b-443a-bcce-0d67e04b3940}" />
	<object class="MixerBusEffectChain" id="{fdde39fc-a915-4d70-b7ab-9ccb8cbd46bc}">
		<relationship name="effects">
			<destination>{1a498c96-588a-4bfa-86f9-9d73f5635ef9}</destination>
		</relationship>
	</object>
	<object class="MixerBusPanner" id="{0b2452a0-7c93-41f1-a046-99284fcf374e}" />
	<object class="MultiSound" id="{e31beaaf-67e2-42ae-882a-e066a7a11d0c}">
		<relationship name="sounds">
			<destination>{5da228d5-a907-48d2-8e76-90c85c3b8e97}</destination>
			<destination>{81ec0670-ec62-4a4f-b391-4d38204f4dd3}</destination>
			<destination>{7121b094-e0f5-4e99-b1b2-be524142f50c}</destination>
			<destination>{b833f3de-4639-4d88-875c-4162427cbc9d}</destination>
			<destination>{8fa8f891-9f04-4bf4-87b5-5b9111fa2e07}</destination>
			<destination>{d2300596-82ba-4c6b-829c-5b28110c2823}</destination>
			<destination>{b18e0226-9eb1-4c90-991f-8bc332796ac1}</destination>
			<destination>{a8c56f5b-853f-4cfc-acf0-853409d3d80b}</destination>
		</relationship>
	</object>
	<object class="MixerBusFader" id="{5b4cfcfb-1b9e-45b5-8100-65fb8751bb85}" />
	<object class="MixerBusFader" id="{1a498c96-588a-4bfa-86f9-9d73f5635ef9}" />
	<object class="SingleSound" id="{5da228d5-a907-48d2-8e76-90c85c3b8e97}">
		<relationship name="audioFile">
			<destination>{2a918d64-4f22-48dd-88fd-6aba93a8ef3a}</destination>
		</relationship>
	</object>
	<object class="SingleSound" id="{81ec0670-ec62-4a4f-b391-4d38204f4dd3}">
		<relationship name="audioFile">
			<destination>{f10055f7-94cb-43aa-88e9-d8c0cee40d9e}</destination>
		</relationship>
	</object>
	<object class="SingleSound" id="{7121b094-e0f5-4e99-b1b2-be524142f50c}">
		<relationship name="audioFile">
			<destination>{00b34e6b-c592-4212-8a5b-633f8b4d2d5f}</destination>
		</relationship>
	</object>
	<object class="SingleSound" id="{b833f3de-4639-4d88-875c-4162427cbc9d}">
		<relationship name="audioFile">
			<destination>{ae30ebd0-eede-4774-a67d-4256873e9441}</destination>
		</relationship>
	</object>
	<object class="SingleSound" id="{8fa8f891-9f04-4bf4-87b5-5b9111fa2e07}">
		<relationship name="audioFile">
			<destination>{4d1364bb-48f8-462e-88d5-7cd80135f432}</destination>
		</relationship>
	</object>
	<object class="SingleSound" id="{d2300596-82ba-4c6b-829c-5b28110c2823}">
		<relationship name="audioFile">
			<destination>{361076d8-bdd0-4ecc-92fb-ef0d174ed880}</destination>
		</relationship>
	</object>
	<object class="SingleSound" id="{b18e0226-9eb1-4c90-991f-8bc332796ac1}">
		<relationship name="audioFile">
			<destination>{8cb0a0f8-3c13-42b3-bc20-0dfe14e34a54}</destination>
		</relationship>
	</object>
	<object class="SingleSound" id="{a8c56f5b-853f-4cfc-acf0-853409d3d80b}">
		<relationship name="audioFile">
			<destination>{1842b6fa-086c-4501-9464-9bccffd23a12}</destination>
		</relationship>
	</object>
</objects>
