<?xml version="1.0" encoding="UTF-8"?>
<objects serializationModel="Studio.02.02.00">
	<object class="Event" id="{989f554b-2d66-4e48-8c59-963fcdc476ec}">
		<property name="name">
			<value>Shield off</value>
		</property>
		<property name="outputFormat">
			<value>0</value>
		</property>
		<relationship name="folder">
			<destination>{8b913f05-d938-449b-aaae-a5d10c3a3443}</destination>
		</relationship>
		<relationship name="mixer">
			<destination>{3e284e6c-a8d2-47be-9278-fc317a1dabe6}</destination>
		</relationship>
		<relationship name="masterTrack">
			<destination>{33a92e50-774c-4863-a80b-32f1efca0170}</destination>
		</relationship>
		<relationship name="mixerInput">
			<destination>{ab459e4d-6d12-4f70-ad90-770aff777d2e}</destination>
		</relationship>
		<relationship name="automatableProperties">
			<destination>{2b3018d8-8891-42df-82a8-78c865d2151f}</destination>
		</relationship>
		<relationship name="markerTracks">
			<destination>{fa363690-4da1-485e-9788-a18ff390180a}</destination>
		</relationship>
		<relationship name="timeline">
			<destination>{321f5b49-256b-4fb3-8894-add2d4ef8402}</destination>
		</relationship>
		<relationship name="parameters">
			<destination>{8212c81b-ffe4-4c30-90dd-7e469066176a}</destination>
		</relationship>
		<relationship name="banks">
			<destination>{613cb608-2548-4094-ac12-cc35b25f859e}</destination>
		</relationship>
	</object>
	<object class="EventMixer" id="{3e284e6c-a8d2-47be-9278-fc317a1dabe6}">
		<relationship name="masterBus">
			<destination>{5dc06c96-8847-4fd8-84d1-70561f70c688}</destination>
		</relationship>
	</object>
	<object class="MasterTrack" id="{33a92e50-774c-4863-a80b-32f1efca0170}">
		<relationship name="modules">
			<destination>{db361af3-d087-4b9c-946a-0b7153529c57}</destination>
		</relationship>
		<relationship name="mixerGroup">
			<destination>{5dc06c96-8847-4fd8-84d1-70561f70c688}</destination>
		</relationship>
	</object>
	<object class="MixerInput" id="{ab459e4d-6d12-4f70-ad90-770aff777d2e}">
		<relationship name="effectChain">
			<destination>{9426b936-b9c4-4102-bb26-cfcc1cbc4780}</destination>
		</relationship>
		<relationship name="panner">
			<destination>{dec8e284-cf00-426a-a59d-ff7ec8d7e708}</destination>
		</relationship>
		<relationship name="output">
			<destination>{30cfe73f-e63a-4446-b440-2fc2bdae230c}</destination>
		</relationship>
	</object>
	<object class="EventAutomatableProperties" id="{2b3018d8-8891-42df-82a8-78c865d2151f}" />
	<object class="MarkerTrack" id="{fa363690-4da1-485e-9788-a18ff390180a}" />
	<object class="Timeline" id="{321f5b49-256b-4fb3-8894-add2d4ef8402}">
		<property name="isProxyEnabled">
			<value>false</value>
		</property>
	</object>
	<object class="ActionSheet" id="{8212c81b-ffe4-4c30-90dd-7e469066176a}">
		<relationship name="modules">
			<destination>{db361af3-d087-4b9c-946a-0b7153529c57}</destination>
		</relationship>
	</object>
	<object class="EventMixerMaster" id="{5dc06c96-8847-4fd8-84d1-70561f70c688}">
		<relationship name="effectChain">
			<destination>{8a0b3491-e09a-4bcb-9f77-1a1c71d3faf4}</destination>
		</relationship>
		<relationship name="panner">
			<destination>{cf6dfa75-fa75-4f41-960d-e5c0765e025b}</destination>
		</relationship>
		<relationship name="mixer">
			<destination>{3e284e6c-a8d2-47be-9278-fc317a1dabe6}</destination>
		</relationship>
	</object>
	<object class="MultiSound" id="{db361af3-d087-4b9c-946a-0b7153529c57}">
		<relationship name="sounds">
			<destination>{2460ecae-c551-46fe-bc56-30bc2275bcd1}</destination>
		</relationship>
	</object>
	<object class="MixerBusEffectChain" id="{9426b936-b9c4-4102-bb26-cfcc1cbc4780}">
		<relationship name="effects">
			<destination>{1bd16e8c-94aa-49ea-8833-9ebe1f7d4c34}</destination>
		</relationship>
	</object>
	<object class="MixerBusPanner" id="{dec8e284-cf00-426a-a59d-ff7ec8d7e708}" />
	<object class="MixerBusEffectChain" id="{8a0b3491-e09a-4bcb-9f77-1a1c71d3faf4}">
		<relationship name="effects">
			<destination>{8ba8e2d2-640f-42f0-abc7-1c10a504da39}</destination>
		</relationship>
	</object>
	<object class="MixerBusPanner" id="{cf6dfa75-fa75-4f41-960d-e5c0765e025b}" />
	<object class="MultiSound" id="{2460ecae-c551-46fe-bc56-30bc2275bcd1}">
		<relationship name="sounds">
			<destination>{a03cc284-9569-473a-a893-37e420ee2739}</destination>
			<destination>{1327f9d2-e4c3-4548-9477-fdd53c078312}</destination>
			<destination>{95334a7a-f479-488d-a0e4-684a177296e3}</destination>
			<destination>{7dc5499f-2852-4921-8f31-8b20dde6cb26}</destination>
			<destination>{da5a339c-82e0-4987-92b2-125f7e13e25c}</destination>
			<destination>{89ed7fe5-ee1c-4910-96d8-169fe5a5adcc}</destination>
		</relationship>
	</object>
	<object class="MixerBusFader" id="{1bd16e8c-94aa-49ea-8833-9ebe1f7d4c34}" />
	<object class="MixerBusFader" id="{8ba8e2d2-640f-42f0-abc7-1c10a504da39}" />
	<object class="SingleSound" id="{a03cc284-9569-473a-a893-37e420ee2739}">
		<relationship name="audioFile">
			<destination>{83a8916c-8914-463f-a4af-460f68cb5452}</destination>
		</relationship>
	</object>
	<object class="SingleSound" id="{1327f9d2-e4c3-4548-9477-fdd53c078312}">
		<relationship name="audioFile">
			<destination>{92ff3905-664c-4b23-9dc5-d5993bfdb962}</destination>
		</relationship>
	</object>
	<object class="SingleSound" id="{95334a7a-f479-488d-a0e4-684a177296e3}">
		<relationship name="audioFile">
			<destination>{3b5eb02c-20cb-4bba-acef-7d1d9b388622}</destination>
		</relationship>
	</object>
	<object class="SingleSound" id="{7dc5499f-2852-4921-8f31-8b20dde6cb26}">
		<relationship name="audioFile">
			<destination>{96644078-f9c3-42d5-a839-f6a0f38603be}</destination>
		</relationship>
	</object>
	<object class="SingleSound" id="{da5a339c-82e0-4987-92b2-125f7e13e25c}">
		<relationship name="audioFile">
			<destination>{3652685c-fa2e-48d7-9646-305d89e9ecfd}</destination>
		</relationship>
	</object>
	<object class="SingleSound" id="{89ed7fe5-ee1c-4910-96d8-169fe5a5adcc}">
		<relationship name="audioFile">
			<destination>{88eb9ff1-ec1a-4e54-ae8a-3640df8d0c18}</destination>
		</relationship>
	</object>
</objects>
