<?xml version="1.0" encoding="UTF-8"?>
<objects serializationModel="Studio.02.02.00">
	<object class="Event" id="{cbda8de0-438d-43af-9eb0-cdbb7685ddaf}">
		<property name="name">
			<value>Shield on</value>
		</property>
		<property name="outputFormat">
			<value>0</value>
		</property>
		<relationship name="folder">
			<destination>{8b913f05-d938-449b-aaae-a5d10c3a3443}</destination>
		</relationship>
		<relationship name="mixer">
			<destination>{3354c993-6335-4d79-b219-971a47c31c17}</destination>
		</relationship>
		<relationship name="masterTrack">
			<destination>{e8e219a5-1985-40cb-96c1-6acf1de9dc34}</destination>
		</relationship>
		<relationship name="mixerInput">
			<destination>{cdefe640-3588-4d3b-8f3e-e19f4ddbb665}</destination>
		</relationship>
		<relationship name="automatableProperties">
			<destination>{987958b2-34fd-448b-828c-f3ea33398533}</destination>
		</relationship>
		<relationship name="markerTracks">
			<destination>{fdebced2-6982-422f-922f-4b770ea3646d}</destination>
		</relationship>
		<relationship name="timeline">
			<destination>{117322e2-4ac4-4eef-844e-f7f38c054e25}</destination>
		</relationship>
		<relationship name="parameters">
			<destination>{848dba76-e825-4850-b068-114a2e3d14b9}</destination>
		</relationship>
		<relationship name="banks">
			<destination>{613cb608-2548-4094-ac12-cc35b25f859e}</destination>
		</relationship>
	</object>
	<object class="EventMixer" id="{3354c993-6335-4d79-b219-971a47c31c17}">
		<relationship name="masterBus">
			<destination>{8bf2287c-adb5-4b13-a276-2558e2f60448}</destination>
		</relationship>
	</object>
	<object class="MasterTrack" id="{e8e219a5-1985-40cb-96c1-6acf1de9dc34}">
		<relationship name="modules">
			<destination>{ee5c59e8-e12d-4dfb-ac7e-d7d75f8213dc}</destination>
		</relationship>
		<relationship name="mixerGroup">
			<destination>{8bf2287c-adb5-4b13-a276-2558e2f60448}</destination>
		</relationship>
	</object>
	<object class="MixerInput" id="{cdefe640-3588-4d3b-8f3e-e19f4ddbb665}">
		<relationship name="effectChain">
			<destination>{27d6273d-6eb7-4e0d-a327-4573a157135d}</destination>
		</relationship>
		<relationship name="panner">
			<destination>{dfcad391-8fed-483a-a4d0-0f387ef8ccc4}</destination>
		</relationship>
		<relationship name="output">
			<destination>{30cfe73f-e63a-4446-b440-2fc2bdae230c}</destination>
		</relationship>
	</object>
	<object class="EventAutomatableProperties" id="{987958b2-34fd-448b-828c-f3ea33398533}" />
	<object class="MarkerTrack" id="{fdebced2-6982-422f-922f-4b770ea3646d}" />
	<object class="Timeline" id="{117322e2-4ac4-4eef-844e-f7f38c054e25}">
		<property name="isProxyEnabled">
			<value>false</value>
		</property>
	</object>
	<object class="ActionSheet" id="{848dba76-e825-4850-b068-114a2e3d14b9}">
		<relationship name="modules">
			<destination>{ee5c59e8-e12d-4dfb-ac7e-d7d75f8213dc}</destination>
		</relationship>
	</object>
	<object class="EventMixerMaster" id="{8bf2287c-adb5-4b13-a276-2558e2f60448}">
		<relationship name="effectChain">
			<destination>{e9f17dda-71c9-4921-99af-3142b7da5b6a}</destination>
		</relationship>
		<relationship name="panner">
			<destination>{0ac56fc3-19b4-4f93-8af7-8be526402767}</destination>
		</relationship>
		<relationship name="mixer">
			<destination>{3354c993-6335-4d79-b219-971a47c31c17}</destination>
		</relationship>
	</object>
	<object class="MultiSound" id="{ee5c59e8-e12d-4dfb-ac7e-d7d75f8213dc}">
		<relationship name="sounds">
			<destination>{17bda09c-28ff-4495-b10b-f293499fb854}</destination>
		</relationship>
	</object>
	<object class="MixerBusEffectChain" id="{27d6273d-6eb7-4e0d-a327-4573a157135d}">
		<relationship name="effects">
			<destination>{00986b5d-f475-42a0-b944-0d88099e5e22}</destination>
		</relationship>
	</object>
	<object class="MixerBusPanner" id="{dfcad391-8fed-483a-a4d0-0f387ef8ccc4}" />
	<object class="MixerBusEffectChain" id="{e9f17dda-71c9-4921-99af-3142b7da5b6a}">
		<relationship name="effects">
			<destination>{87a6b84e-6bb0-48b6-ac06-5d60d4e849b8}</destination>
		</relationship>
	</object>
	<object class="MixerBusPanner" id="{0ac56fc3-19b4-4f93-8af7-8be526402767}" />
	<object class="MultiSound" id="{17bda09c-28ff-4495-b10b-f293499fb854}">
		<relationship name="sounds">
			<destination>{c0ddc157-fc79-437c-9db4-d4f9b880c63c}</destination>
			<destination>{af98e526-1b42-4444-943c-6fe226b09300}</destination>
			<destination>{312cf9f3-1b71-42cc-8b2f-b9ea51d2c7df}</destination>
			<destination>{0f7365e4-74a2-46b8-b538-55165cbfbdc9}</destination>
			<destination>{c5e25ea2-791a-4afc-b7ef-ec9aed72096d}</destination>
			<destination>{eb97f104-4e31-4d01-bca6-b86ffd0b20e9}</destination>
		</relationship>
	</object>
	<object class="MixerBusFader" id="{00986b5d-f475-42a0-b944-0d88099e5e22}" />
	<object class="MixerBusFader" id="{87a6b84e-6bb0-48b6-ac06-5d60d4e849b8}" />
	<object class="SingleSound" id="{c0ddc157-fc79-437c-9db4-d4f9b880c63c}">
		<relationship name="audioFile">
			<destination>{41a1e0fa-59d0-4445-af80-019271a11540}</destination>
		</relationship>
	</object>
	<object class="SingleSound" id="{af98e526-1b42-4444-943c-6fe226b09300}">
		<relationship name="audioFile">
			<destination>{d2009300-30a6-4627-817e-2645be56ce47}</destination>
		</relationship>
	</object>
	<object class="SingleSound" id="{312cf9f3-1b71-42cc-8b2f-b9ea51d2c7df}">
		<relationship name="audioFile">
			<destination>{724df9c2-7d0e-413a-a39e-a1d459828f83}</destination>
		</relationship>
	</object>
	<object class="SingleSound" id="{0f7365e4-74a2-46b8-b538-55165cbfbdc9}">
		<relationship name="audioFile">
			<destination>{ca725a16-7563-4f32-b837-8e546d09c818}</destination>
		</relationship>
	</object>
	<object class="SingleSound" id="{c5e25ea2-791a-4afc-b7ef-ec9aed72096d}">
		<relationship name="audioFile">
			<destination>{74a6a2c8-c0bc-4964-ba86-23b3d7df8311}</destination>
		</relationship>
	</object>
	<object class="SingleSound" id="{eb97f104-4e31-4d01-bca6-b86ffd0b20e9}">
		<relationship name="audioFile">
			<destination>{37c8e422-c3b5-4ee4-a5ec-b4fec296dcbd}</destination>
		</relationship>
	</object>
</objects>
