<?xml version="1.0" encoding="UTF-8"?>
<objects serializationModel="Studio.02.02.00">
	<object class="Event" id="{cca91343-8596-4ec8-8b0d-e7be5a483f1b}">
		<property name="name">
			<value>Hurt</value>
		</property>
		<property name="outputFormat">
			<value>0</value>
		</property>
		<relationship name="folder">
			<destination>{8ffe6802-2074-457e-9a96-994788602b24}</destination>
		</relationship>
		<relationship name="mixer">
			<destination>{23193913-1d71-4743-9f98-b7a06b0243c0}</destination>
		</relationship>
		<relationship name="masterTrack">
			<destination>{94060f21-f9c0-413f-ac14-9e984e49b20e}</destination>
		</relationship>
		<relationship name="mixerInput">
			<destination>{0fce5e7d-38d1-437f-bc02-bb9c4c6ee737}</destination>
		</relationship>
		<relationship name="automatableProperties">
			<destination>{ed80cf64-5573-49f1-b496-882d5e09d4cd}</destination>
		</relationship>
		<relationship name="markerTracks">
			<destination>{588c3bed-73e7-4aa8-b39e-db2c9325be34}</destination>
		</relationship>
		<relationship name="timeline">
			<destination>{b1f95331-69c1-4db4-9379-5466af2c4f8c}</destination>
		</relationship>
		<relationship name="parameters">
			<destination>{a7be0a03-8972-4b1f-a428-35d79e7f2cc4}</destination>
		</relationship>
		<relationship name="banks">
			<destination>{613cb608-2548-4094-ac12-cc35b25f859e}</destination>
		</relationship>
	</object>
	<object class="EventMixer" id="{23193913-1d71-4743-9f98-b7a06b0243c0}">
		<relationship name="masterBus">
			<destination>{a9fa7ba9-6856-4221-ba2e-984667e864bb}</destination>
		</relationship>
	</object>
	<object class="MasterTrack" id="{94060f21-f9c0-413f-ac14-9e984e49b20e}">
		<relationship name="modules">
			<destination>{980825ea-262a-424e-ba95-9171db68b0ef}</destination>
		</relationship>
		<relationship name="mixerGroup">
			<destination>{a9fa7ba9-6856-4221-ba2e-984667e864bb}</destination>
		</relationship>
	</object>
	<object class="MixerInput" id="{0fce5e7d-38d1-437f-bc02-bb9c4c6ee737}">
		<relationship name="effectChain">
			<destination>{e3f20138-4e12-4d26-958e-2644b2ae8674}</destination>
		</relationship>
		<relationship name="panner">
			<destination>{6467a2c0-6558-44e2-afde-ab84ee5b3acf}</destination>
		</relationship>
		<relationship name="output">
			<destination>{30cfe73f-e63a-4446-b440-2fc2bdae230c}</destination>
		</relationship>
	</object>
	<object class="EventAutomatableProperties" id="{ed80cf64-5573-49f1-b496-882d5e09d4cd}" />
	<object class="MarkerTrack" id="{588c3bed-73e7-4aa8-b39e-db2c9325be34}" />
	<object class="Timeline" id="{b1f95331-69c1-4db4-9379-5466af2c4f8c}">
		<property name="isProxyEnabled">
			<value>false</value>
		</property>
	</object>
	<object class="ActionSheet" id="{a7be0a03-8972-4b1f-a428-35d79e7f2cc4}">
		<relationship name="modules">
			<destination>{980825ea-262a-424e-ba95-9171db68b0ef}</destination>
		</relationship>
	</object>
	<object class="EventMixerMaster" id="{a9fa7ba9-6856-4221-ba2e-984667e864bb}">
		<relationship name="effectChain">
			<destination>{2391fe9b-0680-499b-951a-2f14708d3171}</destination>
		</relationship>
		<relationship name="panner">
			<destination>{b2eef2b4-690f-4142-a776-373c352c55d8}</destination>
		</relationship>
		<relationship name="mixer">
			<destination>{23193913-1d71-4743-9f98-b7a06b0243c0}</destination>
		</relationship>
	</object>
	<object class="MultiSound" id="{980825ea-262a-424e-ba95-9171db68b0ef}">
		<relationship name="sounds">
			<destination>{406fa774-556f-40e1-b090-619f5359f317}</destination>
		</relationship>
	</object>
	<object class="MixerBusEffectChain" id="{e3f20138-4e12-4d26-958e-2644b2ae8674}">
		<relationship name="effects">
			<destination>{8d293a68-edc0-479c-bf52-7026fc42e97d}</destination>
		</relationship>
	</object>
	<object class="MixerBusPanner" id="{6467a2c0-6558-44e2-afde-ab84ee5b3acf}" />
	<object class="MixerBusEffectChain" id="{2391fe9b-0680-499b-951a-2f14708d3171}">
		<relationship name="effects">
			<destination>{baa0ab37-fcc7-4fb0-8ce9-945734a9208d}</destination>
		</relationship>
	</object>
	<object class="MixerBusPanner" id="{b2eef2b4-690f-4142-a776-373c352c55d8}" />
	<object class="MultiSound" id="{406fa774-556f-40e1-b090-619f5359f317}">
		<relationship name="sounds">
			<destination>{1a8cdd02-e8ba-4686-938e-46ba1c759255}</destination>
			<destination>{6283a976-92fc-48b4-9ba5-cb8dc52296d7}</destination>
			<destination>{9cb092c2-cd5e-429a-a1a6-3d1fc2b9604d}</destination>
			<destination>{db1cb8f0-adcf-4a0f-9051-4539bf9710e2}</destination>
			<destination>{cf2ec4c0-6f34-4344-851a-b304fc5e628f}</destination>
			<destination>{8725c326-3c03-48e0-94d0-7ef46957e00d}</destination>
		</relationship>
	</object>
	<object class="MixerBusFader" id="{8d293a68-edc0-479c-bf52-7026fc42e97d}" />
	<object class="MixerBusFader" id="{baa0ab37-fcc7-4fb0-8ce9-945734a9208d}" />
	<object class="SingleSound" id="{1a8cdd02-e8ba-4686-938e-46ba1c759255}">
		<relationship name="audioFile">
			<destination>{1f580a6b-20a4-4719-8e68-78c8c48af8bb}</destination>
		</relationship>
	</object>
	<object class="SingleSound" id="{6283a976-92fc-48b4-9ba5-cb8dc52296d7}">
		<relationship name="audioFile">
			<destination>{a9c56961-7de0-4e47-b0bd-3bdc26f5ae59}</destination>
		</relationship>
	</object>
	<object class="SingleSound" id="{9cb092c2-cd5e-429a-a1a6-3d1fc2b9604d}">
		<relationship name="audioFile">
			<destination>{06a7f3fb-a9aa-4986-bfb5-bc8a0f7bf7eb}</destination>
		</relationship>
	</object>
	<object class="SingleSound" id="{db1cb8f0-adcf-4a0f-9051-4539bf9710e2}">
		<relationship name="audioFile">
			<destination>{42cdae42-5b26-410b-bab8-754a884a1edb}</destination>
		</relationship>
	</object>
	<object class="SingleSound" id="{cf2ec4c0-6f34-4344-851a-b304fc5e628f}">
		<relationship name="audioFile">
			<destination>{90df553a-bb6a-4082-a919-389ddc79059c}</destination>
		</relationship>
	</object>
	<object class="SingleSound" id="{8725c326-3c03-48e0-94d0-7ef46957e00d}">
		<relationship name="audioFile">
			<destination>{91786486-590e-44cf-a117-c56262f921c5}</destination>
		</relationship>
	</object>
</objects>
