<?xml version="1.0" encoding="UTF-8"?>
<objects serializationModel="Studio.02.02.00">
	<object class="Event" id="{d41aa877-60d9-4b8f-bffa-d8406c614134}">
		<property name="name">
			<value>SFX_UI_Button</value>
		</property>
		<property name="outputFormat">
			<value>0</value>
		</property>
		<relationship name="folder">
			<destination>{b89520cd-624b-4edc-9e91-b70f910cbe6e}</destination>
		</relationship>
		<relationship name="mixer">
			<destination>{17819b24-e5d1-4a33-b613-37c161359bc8}</destination>
		</relationship>
		<relationship name="masterTrack">
			<destination>{106bdff1-490c-4c85-9c6e-f86fd53700cd}</destination>
		</relationship>
		<relationship name="mixerInput">
			<destination>{32f2bfa4-bd65-46c1-80bb-7b2ec29ed577}</destination>
		</relationship>
		<relationship name="automatableProperties">
			<destination>{97be9a2e-dc23-4245-993d-f0d1e02cd611}</destination>
		</relationship>
		<relationship name="markerTracks">
			<destination>{36f79edc-b94f-403a-94b1-adb84b63ead3}</destination>
		</relationship>
		<relationship name="timeline">
			<destination>{0f40e50d-d2b8-4e08-a151-99ef9469e494}</destination>
		</relationship>
		<relationship name="parameters">
			<destination>{56e45953-f065-49b7-8983-bbd3f26af06a}</destination>
		</relationship>
		<relationship name="banks">
			<destination>{613cb608-2548-4094-ac12-cc35b25f859e}</destination>
		</relationship>
	</object>
	<object class="EventMixer" id="{17819b24-e5d1-4a33-b613-37c161359bc8}">
		<relationship name="masterBus">
			<destination>{1b5eda80-70e0-405b-84f0-c12375de4315}</destination>
		</relationship>
	</object>
	<object class="MasterTrack" id="{106bdff1-490c-4c85-9c6e-f86fd53700cd}">
		<relationship name="modules">
			<destination>{ea8dd708-a2ef-458b-9b4f-105ca4423789}</destination>
		</relationship>
		<relationship name="mixerGroup">
			<destination>{1b5eda80-70e0-405b-84f0-c12375de4315}</destination>
		</relationship>
	</object>
	<object class="MixerInput" id="{32f2bfa4-bd65-46c1-80bb-7b2ec29ed577}">
		<relationship name="effectChain">
			<destination>{1f3e641f-1ed2-4fbc-be15-6c6ebdd7818a}</destination>
		</relationship>
		<relationship name="panner">
			<destination>{cdcad873-f040-44bb-ab78-9eaacc842d11}</destination>
		</relationship>
		<relationship name="output">
			<destination>{30cfe73f-e63a-4446-b440-2fc2bdae230c}</destination>
		</relationship>
	</object>
	<object class="EventAutomatableProperties" id="{97be9a2e-dc23-4245-993d-f0d1e02cd611}" />
	<object class="MarkerTrack" id="{36f79edc-b94f-403a-94b1-adb84b63ead3}" />
	<object class="Timeline" id="{0f40e50d-d2b8-4e08-a151-99ef9469e494}">
		<property name="isProxyEnabled">
			<value>false</value>
		</property>
	</object>
	<object class="ActionSheet" id="{56e45953-f065-49b7-8983-bbd3f26af06a}">
		<relationship name="modules">
			<destination>{ea8dd708-a2ef-458b-9b4f-105ca4423789}</destination>
		</relationship>
	</object>
	<object class="EventMixerMaster" id="{1b5eda80-70e0-405b-84f0-c12375de4315}">
		<relationship name="effectChain">
			<destination>{465c1e1c-34d7-4442-9896-1eadd4127b84}</destination>
		</relationship>
		<relationship name="panner">
			<destination>{e4ca400a-0cf1-47e6-8e69-957f1cd20bca}</destination>
		</relationship>
		<relationship name="mixer">
			<destination>{17819b24-e5d1-4a33-b613-37c161359bc8}</destination>
		</relationship>
	</object>
	<object class="MultiSound" id="{ea8dd708-a2ef-458b-9b4f-105ca4423789}">
		<relationship name="sounds">
			<destination>{8a8d4ae9-a1ef-4ef1-9cb1-de12dd4fa2ce}</destination>
		</relationship>
	</object>
	<object class="MixerBusEffectChain" id="{1f3e641f-1ed2-4fbc-be15-6c6ebdd7818a}">
		<relationship name="effects">
			<destination>{c596f19c-e0b7-41d9-b2b8-c1f86587a314}</destination>
		</relationship>
	</object>
	<object class="MixerBusPanner" id="{cdcad873-f040-44bb-ab78-9eaacc842d11}" />
	<object class="MixerBusEffectChain" id="{465c1e1c-34d7-4442-9896-1eadd4127b84}">
		<relationship name="effects">
			<destination>{7ea47ea5-62f4-4786-9be7-7054212ee891}</destination>
		</relationship>
	</object>
	<object class="MixerBusPanner" id="{e4ca400a-0cf1-47e6-8e69-957f1cd20bca}" />
	<object class="SingleSound" id="{8a8d4ae9-a1ef-4ef1-9cb1-de12dd4fa2ce}">
		<relationship name="modulators">
			<destination>{4e3487f7-f34b-4007-9a38-0f4e68829207}</destination>
		</relationship>
		<relationship name="audioFile">
			<destination>{f21c9667-6d63-4c6b-b596-27fd684414df}</destination>
		</relationship>
	</object>
	<object class="MixerBusFader" id="{c596f19c-e0b7-41d9-b2b8-c1f86587a314}" />
	<object class="MixerBusFader" id="{7ea47ea5-62f4-4786-9be7-7054212ee891}" />
	<object class="RandomizerModulator" id="{4e3487f7-f34b-4007-9a38-0f4e68829207}">
		<property name="nameOfPropertyBeingModulated">
			<value>pitch</value>
		</property>
		<property name="amount">
			<value>21.5</value>
		</property>
	</object>
</objects>
