<?xml version="1.0" encoding="UTF-8"?>
<objects serializationModel="Studio.02.02.00">
	<object class="Event" id="{d6665102-8ff7-40eb-82ab-d40193751b72}">
		<property name="name">
			<value>Hurt</value>
		</property>
		<property name="outputFormat">
			<value>0</value>
		</property>
		<relationship name="folder">
			<destination>{9a5dff1e-3408-4f73-8216-5f47904c7c12}</destination>
		</relationship>
		<relationship name="mixer">
			<destination>{24cb3833-ee9b-4ea6-9705-2b200c2eebb6}</destination>
		</relationship>
		<relationship name="masterTrack">
			<destination>{530ca7ff-0238-41df-8bdd-0cee949f8876}</destination>
		</relationship>
		<relationship name="mixerInput">
			<destination>{7cd5abf9-46ba-4f29-98b3-d88b80e2a0bd}</destination>
		</relationship>
		<relationship name="automatableProperties">
			<destination>{4b446b8a-93ba-4aeb-af94-7eddfc74bdd3}</destination>
		</relationship>
		<relationship name="markerTracks">
			<destination>{ea2bbc72-c2f2-48c9-8bf3-b1734abc9a33}</destination>
		</relationship>
		<relationship name="timeline">
			<destination>{70adf3a7-65c3-44f4-b8cf-ed7ed1ffcf67}</destination>
		</relationship>
		<relationship name="parameters">
			<destination>{15f793c2-0cf7-4fc7-895a-b157eb869228}</destination>
		</relationship>
		<relationship name="banks">
			<destination>{613cb608-2548-4094-ac12-cc35b25f859e}</destination>
		</relationship>
	</object>
	<object class="EventMixer" id="{24cb3833-ee9b-4ea6-9705-2b200c2eebb6}">
		<relationship name="masterBus">
			<destination>{107c7954-78ff-4a8d-b0fc-52e5d4211d1a}</destination>
		</relationship>
	</object>
	<object class="MasterTrack" id="{530ca7ff-0238-41df-8bdd-0cee949f8876}">
		<relationship name="modules">
			<destination>{88e9f7a3-e2e7-4f09-8ff9-d0184a9ca559}</destination>
		</relationship>
		<relationship name="mixerGroup">
			<destination>{107c7954-78ff-4a8d-b0fc-52e5d4211d1a}</destination>
		</relationship>
	</object>
	<object class="MixerInput" id="{7cd5abf9-46ba-4f29-98b3-d88b80e2a0bd}">
		<relationship name="effectChain">
			<destination>{01f16ed4-a3b8-4828-a76c-c09aab9661e2}</destination>
		</relationship>
		<relationship name="panner">
			<destination>{da66ba27-acf2-402c-81f9-362618ae5f67}</destination>
		</relationship>
		<relationship name="output">
			<destination>{30cfe73f-e63a-4446-b440-2fc2bdae230c}</destination>
		</relationship>
	</object>
	<object class="EventAutomatableProperties" id="{4b446b8a-93ba-4aeb-af94-7eddfc74bdd3}" />
	<object class="MarkerTrack" id="{ea2bbc72-c2f2-48c9-8bf3-b1734abc9a33}" />
	<object class="Timeline" id="{70adf3a7-65c3-44f4-b8cf-ed7ed1ffcf67}">
		<property name="isProxyEnabled">
			<value>false</value>
		</property>
	</object>
	<object class="ActionSheet" id="{15f793c2-0cf7-4fc7-895a-b157eb869228}">
		<relationship name="modules">
			<destination>{88e9f7a3-e2e7-4f09-8ff9-d0184a9ca559}</destination>
		</relationship>
	</object>
	<object class="EventMixerMaster" id="{107c7954-78ff-4a8d-b0fc-52e5d4211d1a}">
		<relationship name="effectChain">
			<destination>{b582a73b-4483-4afa-85f2-cbbb0071b293}</destination>
		</relationship>
		<relationship name="panner">
			<destination>{e116b3b6-19e3-4ba4-8044-c12852b1c82d}</destination>
		</relationship>
		<relationship name="mixer">
			<destination>{24cb3833-ee9b-4ea6-9705-2b200c2eebb6}</destination>
		</relationship>
	</object>
	<object class="MultiSound" id="{88e9f7a3-e2e7-4f09-8ff9-d0184a9ca559}">
		<relationship name="sounds">
			<destination>{e5570a37-e318-4db0-9c95-18eb14754718}</destination>
		</relationship>
	</object>
	<object class="MixerBusEffectChain" id="{01f16ed4-a3b8-4828-a76c-c09aab9661e2}">
		<relationship name="effects">
			<destination>{00f1a432-1ed5-4ecb-92b2-7506e302b385}</destination>
		</relationship>
	</object>
	<object class="MixerBusPanner" id="{da66ba27-acf2-402c-81f9-362618ae5f67}" />
	<object class="MixerBusEffectChain" id="{b582a73b-4483-4afa-85f2-cbbb0071b293}">
		<relationship name="effects">
			<destination>{8464e838-5a88-41b3-895b-80f59bc41248}</destination>
		</relationship>
	</object>
	<object class="MixerBusPanner" id="{e116b3b6-19e3-4ba4-8044-c12852b1c82d}" />
	<object class="MultiSound" id="{e5570a37-e318-4db0-9c95-18eb14754718}">
		<relationship name="sounds">
			<destination>{4f861f71-96dd-41d7-a67f-117837b0839d}</destination>
			<destination>{94762db0-8880-4408-9adf-53b1f726b651}</destination>
			<destination>{800c367e-6aa8-42a1-9f57-a4c158564d76}</destination>
			<destination>{e958d541-7cc3-4306-9ec8-7e04ed45bdc7}</destination>
			<destination>{525191bf-e21d-4fb5-9b78-fc2cc14a44da}</destination>
			<destination>{c0e20ee0-8c0e-411d-be7a-05b8c8f2baf3}</destination>
		</relationship>
	</object>
	<object class="MixerBusFader" id="{00f1a432-1ed5-4ecb-92b2-7506e302b385}" />
	<object class="MixerBusFader" id="{8464e838-5a88-41b3-895b-80f59bc41248}" />
	<object class="SingleSound" id="{4f861f71-96dd-41d7-a67f-117837b0839d}">
		<relationship name="audioFile">
			<destination>{1f580a6b-20a4-4719-8e68-78c8c48af8bb}</destination>
		</relationship>
	</object>
	<object class="SingleSound" id="{94762db0-8880-4408-9adf-53b1f726b651}">
		<relationship name="audioFile">
			<destination>{a9c56961-7de0-4e47-b0bd-3bdc26f5ae59}</destination>
		</relationship>
	</object>
	<object class="SingleSound" id="{800c367e-6aa8-42a1-9f57-a4c158564d76}">
		<relationship name="audioFile">
			<destination>{06a7f3fb-a9aa-4986-bfb5-bc8a0f7bf7eb}</destination>
		</relationship>
	</object>
	<object class="SingleSound" id="{e958d541-7cc3-4306-9ec8-7e04ed45bdc7}">
		<relationship name="audioFile">
			<destination>{42cdae42-5b26-410b-bab8-754a884a1edb}</destination>
		</relationship>
	</object>
	<object class="SingleSound" id="{525191bf-e21d-4fb5-9b78-fc2cc14a44da}">
		<relationship name="audioFile">
			<destination>{90df553a-bb6a-4082-a919-389ddc79059c}</destination>
		</relationship>
	</object>
	<object class="SingleSound" id="{c0e20ee0-8c0e-411d-be7a-05b8c8f2baf3}">
		<relationship name="audioFile">
			<destination>{91786486-590e-44cf-a117-c56262f921c5}</destination>
		</relationship>
	</object>
</objects>
