<?xml version="1.0" encoding="UTF-8"?>
<objects serializationModel="Studio.02.02.00">
	<object class="Event" id="{f5ee4479-1cab-4431-8001-71882885e661}">
		<property name="name">
			<value>Shield off</value>
		</property>
		<property name="outputFormat">
			<value>0</value>
		</property>
		<relationship name="folder">
			<destination>{f7538c33-5961-4062-bf61-506192a9b0bf}</destination>
		</relationship>
		<relationship name="mixer">
			<destination>{59bd9346-eb04-4752-a5ea-7992fadba023}</destination>
		</relationship>
		<relationship name="masterTrack">
			<destination>{b2c6121e-5d06-4810-89b6-ca592a951865}</destination>
		</relationship>
		<relationship name="mixerInput">
			<destination>{061788e7-9a28-4bc4-acac-2c61d43fa6a6}</destination>
		</relationship>
		<relationship name="automatableProperties">
			<destination>{d851aa4c-5734-407c-9c54-f5e67a3399c2}</destination>
		</relationship>
		<relationship name="markerTracks">
			<destination>{587e09c6-6502-4c61-9e75-b28d4cfaba36}</destination>
		</relationship>
		<relationship name="timeline">
			<destination>{e51c7ba6-1bbc-435c-824f-c351d47cf3cf}</destination>
		</relationship>
		<relationship name="parameters">
			<destination>{9350f2c3-c0a0-4836-b8b8-1e72cb88e910}</destination>
		</relationship>
		<relationship name="banks">
			<destination>{613cb608-2548-4094-ac12-cc35b25f859e}</destination>
		</relationship>
	</object>
	<object class="EventMixer" id="{59bd9346-eb04-4752-a5ea-7992fadba023}">
		<relationship name="masterBus">
			<destination>{ff91e7e9-ca66-4e79-b5c3-29c98318f9d8}</destination>
		</relationship>
	</object>
	<object class="MasterTrack" id="{b2c6121e-5d06-4810-89b6-ca592a951865}">
		<relationship name="modules">
			<destination>{2b62fb74-10ba-4802-bd25-1c9839a0b560}</destination>
		</relationship>
		<relationship name="mixerGroup">
			<destination>{ff91e7e9-ca66-4e79-b5c3-29c98318f9d8}</destination>
		</relationship>
	</object>
	<object class="MixerInput" id="{061788e7-9a28-4bc4-acac-2c61d43fa6a6}">
		<relationship name="effectChain">
			<destination>{df0e6b94-00f9-47eb-b1fe-5182673a57bd}</destination>
		</relationship>
		<relationship name="panner">
			<destination>{681ef4c4-85b5-4aa4-ab30-1a99e9b87394}</destination>
		</relationship>
		<relationship name="output">
			<destination>{30cfe73f-e63a-4446-b440-2fc2bdae230c}</destination>
		</relationship>
	</object>
	<object class="EventAutomatableProperties" id="{d851aa4c-5734-407c-9c54-f5e67a3399c2}" />
	<object class="MarkerTrack" id="{587e09c6-6502-4c61-9e75-b28d4cfaba36}" />
	<object class="Timeline" id="{e51c7ba6-1bbc-435c-824f-c351d47cf3cf}">
		<property name="isProxyEnabled">
			<value>false</value>
		</property>
	</object>
	<object class="ActionSheet" id="{9350f2c3-c0a0-4836-b8b8-1e72cb88e910}">
		<relationship name="modules">
			<destination>{2b62fb74-10ba-4802-bd25-1c9839a0b560}</destination>
		</relationship>
	</object>
	<object class="EventMixerMaster" id="{ff91e7e9-ca66-4e79-b5c3-29c98318f9d8}">
		<relationship name="effectChain">
			<destination>{c66508e4-8f0f-4c16-b6cb-892a7a49ed56}</destination>
		</relationship>
		<relationship name="panner">
			<destination>{c74085a6-7f76-4964-9cb4-e36a0ead34f9}</destination>
		</relationship>
		<relationship name="mixer">
			<destination>{59bd9346-eb04-4752-a5ea-7992fadba023}</destination>
		</relationship>
	</object>
	<object class="MultiSound" id="{2b62fb74-10ba-4802-bd25-1c9839a0b560}">
		<relationship name="sounds">
			<destination>{dcd36e01-66e3-4be8-a94b-77d7d4337356}</destination>
		</relationship>
	</object>
	<object class="MixerBusEffectChain" id="{df0e6b94-00f9-47eb-b1fe-5182673a57bd}">
		<relationship name="effects">
			<destination>{0623422d-db49-4120-b50d-fd0716fdf72e}</destination>
		</relationship>
	</object>
	<object class="MixerBusPanner" id="{681ef4c4-85b5-4aa4-ab30-1a99e9b87394}" />
	<object class="MixerBusEffectChain" id="{c66508e4-8f0f-4c16-b6cb-892a7a49ed56}">
		<relationship name="effects">
			<destination>{cc8f09fe-6ad9-40b5-a111-f0859bbf43e3}</destination>
		</relationship>
	</object>
	<object class="MixerBusPanner" id="{c74085a6-7f76-4964-9cb4-e36a0ead34f9}" />
	<object class="MultiSound" id="{dcd36e01-66e3-4be8-a94b-77d7d4337356}">
		<relationship name="sounds">
			<destination>{593ad872-a664-4cb7-9a76-7bc391fc3fb0}</destination>
			<destination>{e2f66d2c-9ae6-4569-b7f2-6f686ae81bc4}</destination>
			<destination>{ba99befd-2611-40e3-9a7b-56a1ce035eae}</destination>
			<destination>{574115e7-5757-458b-9575-c47b62043a7e}</destination>
			<destination>{7f444a3e-8acb-42dc-a0dd-9e69c569c640}</destination>
			<destination>{c473f98b-e0ac-4881-9c4c-6c458cf5f257}</destination>
		</relationship>
	</object>
	<object class="MixerBusFader" id="{0623422d-db49-4120-b50d-fd0716fdf72e}" />
	<object class="MixerBusFader" id="{cc8f09fe-6ad9-40b5-a111-f0859bbf43e3}" />
	<object class="SingleSound" id="{593ad872-a664-4cb7-9a76-7bc391fc3fb0}">
		<relationship name="audioFile">
			<destination>{83a8916c-8914-463f-a4af-460f68cb5452}</destination>
		</relationship>
	</object>
	<object class="SingleSound" id="{e2f66d2c-9ae6-4569-b7f2-6f686ae81bc4}">
		<relationship name="audioFile">
			<destination>{92ff3905-664c-4b23-9dc5-d5993bfdb962}</destination>
		</relationship>
	</object>
	<object class="SingleSound" id="{ba99befd-2611-40e3-9a7b-56a1ce035eae}">
		<relationship name="audioFile">
			<destination>{3b5eb02c-20cb-4bba-acef-7d1d9b388622}</destination>
		</relationship>
	</object>
	<object class="SingleSound" id="{574115e7-5757-458b-9575-c47b62043a7e}">
		<relationship name="audioFile">
			<destination>{96644078-f9c3-42d5-a839-f6a0f38603be}</destination>
		</relationship>
	</object>
	<object class="SingleSound" id="{7f444a3e-8acb-42dc-a0dd-9e69c569c640}">
		<relationship name="audioFile">
			<destination>{3652685c-fa2e-48d7-9646-305d89e9ecfd}</destination>
		</relationship>
	</object>
	<object class="SingleSound" id="{c473f98b-e0ac-4881-9c4c-6c458cf5f257}">
		<relationship name="audioFile">
			<destination>{88eb9ff1-ec1a-4e54-ae8a-3640df8d0c18}</destination>
		</relationship>
	</object>
</objects>
