<?xml version="1.0" encoding="UTF-8"?>
<objects serializationModel="Studio.02.02.00">
	<object class="Event" id="{fe5a2fa0-284d-463e-a53c-b95900270f43}">
		<property name="name">
			<value>Roll</value>
		</property>
		<property name="outputFormat">
			<value>0</value>
		</property>
		<relationship name="folder">
			<destination>{9a5dff1e-3408-4f73-8216-5f47904c7c12}</destination>
		</relationship>
		<relationship name="mixer">
			<destination>{7ec487cb-0cc9-448d-9cfa-a1a8b165bd2c}</destination>
		</relationship>
		<relationship name="masterTrack">
			<destination>{8043e8aa-3745-43f4-b47b-a4de29d67b4a}</destination>
		</relationship>
		<relationship name="mixerInput">
			<destination>{9f3b2453-ba54-4ecc-a0e8-a315f430a899}</destination>
		</relationship>
		<relationship name="automatableProperties">
			<destination>{826b01b5-8272-4982-aa0d-0687d7af28fc}</destination>
		</relationship>
		<relationship name="markerTracks">
			<destination>{1e2f4ee6-b006-41f0-ad8c-73c0ef3b6a46}</destination>
		</relationship>
		<relationship name="timeline">
			<destination>{0fe68066-88ab-4f35-aa1f-5747124126b2}</destination>
		</relationship>
		<relationship name="parameters">
			<destination>{44f4c713-7001-4270-bf05-eb6b633b0801}</destination>
		</relationship>
		<relationship name="banks">
			<destination>{613cb608-2548-4094-ac12-cc35b25f859e}</destination>
		</relationship>
	</object>
	<object class="EventMixer" id="{7ec487cb-0cc9-448d-9cfa-a1a8b165bd2c}">
		<relationship name="masterBus">
			<destination>{abbf7357-dca1-4ed4-8ef6-d29e6ab60d21}</destination>
		</relationship>
	</object>
	<object class="MasterTrack" id="{8043e8aa-3745-43f4-b47b-a4de29d67b4a}">
		<relationship name="modules">
			<destination>{cb821fb7-122f-48ff-8c9b-53576e4ed95e}</destination>
		</relationship>
		<relationship name="mixerGroup">
			<destination>{abbf7357-dca1-4ed4-8ef6-d29e6ab60d21}</destination>
		</relationship>
	</object>
	<object class="MixerInput" id="{9f3b2453-ba54-4ecc-a0e8-a315f430a899}">
		<relationship name="effectChain">
			<destination>{d1b53706-31f9-4f6c-9255-368bb4616d2b}</destination>
		</relationship>
		<relationship name="panner">
			<destination>{295afd26-ac56-4246-84df-6a672ce2f972}</destination>
		</relationship>
		<relationship name="output">
			<destination>{30cfe73f-e63a-4446-b440-2fc2bdae230c}</destination>
		</relationship>
	</object>
	<object class="EventAutomatableProperties" id="{826b01b5-8272-4982-aa0d-0687d7af28fc}" />
	<object class="MarkerTrack" id="{1e2f4ee6-b006-41f0-ad8c-73c0ef3b6a46}" />
	<object class="Timeline" id="{0fe68066-88ab-4f35-aa1f-5747124126b2}">
		<property name="isProxyEnabled">
			<value>false</value>
		</property>
	</object>
	<object class="ActionSheet" id="{44f4c713-7001-4270-bf05-eb6b633b0801}">
		<relationship name="modules">
			<destination>{cb821fb7-122f-48ff-8c9b-53576e4ed95e}</destination>
		</relationship>
	</object>
	<object class="EventMixerMaster" id="{abbf7357-dca1-4ed4-8ef6-d29e6ab60d21}">
		<relationship name="effectChain">
			<destination>{b2718e6c-e2ca-4bac-ac30-ec2b2e6149b2}</destination>
		</relationship>
		<relationship name="panner">
			<destination>{3c908457-e6fc-4d0f-8994-b0454c584d47}</destination>
		</relationship>
		<relationship name="mixer">
			<destination>{7ec487cb-0cc9-448d-9cfa-a1a8b165bd2c}</destination>
		</relationship>
	</object>
	<object class="MultiSound" id="{cb821fb7-122f-48ff-8c9b-53576e4ed95e}">
		<relationship name="sounds">
			<destination>{70434e95-949d-49a6-aa81-41808c860bb0}</destination>
		</relationship>
	</object>
	<object class="MixerBusEffectChain" id="{d1b53706-31f9-4f6c-9255-368bb4616d2b}">
		<relationship name="effects">
			<destination>{262e19b7-3b54-45e4-a637-46dae15e55ea}</destination>
		</relationship>
	</object>
	<object class="MixerBusPanner" id="{295afd26-ac56-4246-84df-6a672ce2f972}" />
	<object class="MixerBusEffectChain" id="{b2718e6c-e2ca-4bac-ac30-ec2b2e6149b2}">
		<relationship name="effects">
			<destination>{fd97bc3b-f7a9-4137-bdcf-a361f0a78e7c}</destination>
		</relationship>
	</object>
	<object class="MixerBusPanner" id="{3c908457-e6fc-4d0f-8994-b0454c584d47}" />
	<object class="MultiSound" id="{70434e95-949d-49a6-aa81-41808c860bb0}">
		<relationship name="sounds">
			<destination>{4f4c2a7d-e2e0-45eb-a825-2162669429bc}</destination>
			<destination>{fe553bda-573d-437a-aa55-8316296f490c}</destination>
			<destination>{10d78e26-599d-4e48-ba78-684a607b1470}</destination>
			<destination>{31db9de2-76b1-4861-83f4-7a779f063560}</destination>
		</relationship>
	</object>
	<object class="MixerBusFader" id="{262e19b7-3b54-45e4-a637-46dae15e55ea}" />
	<object class="MixerBusFader" id="{fd97bc3b-f7a9-4137-bdcf-a361f0a78e7c}" />
	<object class="SingleSound" id="{4f4c2a7d-e2e0-45eb-a825-2162669429bc}">
		<relationship name="audioFile">
			<destination>{4e7ed513-c0a4-4a89-a303-4958ff50a2de}</destination>
		</relationship>
	</object>
	<object class="SingleSound" id="{fe553bda-573d-437a-aa55-8316296f490c}">
		<property name="volume">
			<value>10</value>
		</property>
		<relationship name="audioFile">
			<destination>{8be49935-1d70-48ac-aad4-42466d31e5b8}</destination>
		</relationship>
	</object>
	<object class="SingleSound" id="{10d78e26-599d-4e48-ba78-684a607b1470}">
		<relationship name="audioFile">
			<destination>{31156a87-0276-4339-94b0-ffe1d763a8fd}</destination>
		</relationship>
	</object>
	<object class="SingleSound" id="{31db9de2-76b1-4861-83f4-7a779f063560}">
		<relationship name="audioFile">
			<destination>{bde6566e-3ec6-4dbd-b314-31f543590907}</destination>
		</relationship>
	</object>
</objects>
