<?xml version="1.0" encoding="UTF-8"?>
<objects serializationModel="Studio.02.02.00">
	<object class="Workspace" id="{60db075a-e0a2-44dc-b7e1-014a3f3bbc59}">
		<relationship name="projectSettings">
			<destination>{2f25f1a5-2279-4d00-9beb-22ff89432835}</destination>
		</relationship>
		<relationship name="changelist">
			<destination>{ec9f91b5-9e37-4026-a716-3a2e8ad8f824}</destination>
		</relationship>
	</object>
	<object class="ProjectSettings" id="{2f25f1a5-2279-4d00-9beb-22ff89432835}">
		<property name="openWindows">
			<value>Event Editor 1</value>
		</property>
		<property name="windowLayout">
			<value>AAAAAQAAABwARQB2AGUAbgB0ACAARQBkAGkAdABvAHIAIAAxAAAAQgHZ0MsAAwAAAAAAP/////gAAAeAAAAEOAAAAMoAAAFKAAAE6QAAAu0AAAAAAgAAAAeAAAAAQAAAABcAAAd/AAAENw==</value>
		</property>
		<relationship name="activePlatform">
			<destination>{7a4bd34f-c580-4bbd-99d4-4115c5fdb256}</destination>
		</relationship>
	</object>
	<object class="WorkspaceChangelist" id="{ec9f91b5-9e37-4026-a716-3a2e8ad8f824}" />
</objects>
