<?xml version="1.0" encoding="UTF-8"?>
<objects serializationModel="Studio.02.02.00">
	<object class="Event" id="{12d0ee76-ee1a-4122-b1f8-f0adbd6789fe}">
		<property name="name">
			<value>PlayerJumpWater</value>
		</property>
		<property name="outputFormat">
			<value>0</value>
		</property>
		<relationship name="folder">
			<destination>{eb3f599b-928f-42be-9f54-7622604b2ee1}</destination>
		</relationship>
		<relationship name="mixer">
			<destination>{2b5a63b5-2077-4b96-853f-f1dafa0e36d9}</destination>
		</relationship>
		<relationship name="masterTrack">
			<destination>{6ec88212-7091-4b42-ac2f-589bd9a51444}</destination>
		</relationship>
		<relationship name="mixerInput">
			<destination>{ab18a01a-bbb5-4b30-a5c3-e2a8949c0056}</destination>
		</relationship>
		<relationship name="automatableProperties">
			<destination>{64faa0a2-cbb3-4f35-8379-e4751846a444}</destination>
		</relationship>
		<relationship name="markerTracks">
			<destination>{a274eac0-fc7f-4a58-a873-4ab936791955}</destination>
		</relationship>
		<relationship name="timeline">
			<destination>{55dea39f-fd34-4430-a5fc-959d91d097b0}</destination>
		</relationship>
		<relationship name="parameters">
			<destination>{c01dab48-9ad4-473c-a460-c72d24ba9fd2}</destination>
		</relationship>
		<relationship name="banks">
			<destination>{613cb608-2548-4094-ac12-cc35b25f859e}</destination>
		</relationship>
	</object>
	<object class="EventMixer" id="{2b5a63b5-2077-4b96-853f-f1dafa0e36d9}">
		<relationship name="masterBus">
			<destination>{0cbb7f98-7d98-4a81-a704-f18c09b32230}</destination>
		</relationship>
	</object>
	<object class="MasterTrack" id="{6ec88212-7091-4b42-ac2f-589bd9a51444}">
		<relationship name="modules">
			<destination>{345bb339-7f46-4263-a40b-7eaaeb925fc4}</destination>
		</relationship>
		<relationship name="mixerGroup">
			<destination>{0cbb7f98-7d98-4a81-a704-f18c09b32230}</destination>
		</relationship>
	</object>
	<object class="MixerInput" id="{ab18a01a-bbb5-4b30-a5c3-e2a8949c0056}">
		<relationship name="effectChain">
			<destination>{5aaa2db9-d032-4434-9c16-c6ff2bef8af0}</destination>
		</relationship>
		<relationship name="panner">
			<destination>{c76b1c1b-3476-4a6f-90c4-5fabb50e3ec5}</destination>
		</relationship>
		<relationship name="output">
			<destination>{30cfe73f-e63a-4446-b440-2fc2bdae230c}</destination>
		</relationship>
	</object>
	<object class="EventAutomatableProperties" id="{64faa0a2-cbb3-4f35-8379-e4751846a444}" />
	<object class="MarkerTrack" id="{a274eac0-fc7f-4a58-a873-4ab936791955}" />
	<object class="Timeline" id="{55dea39f-fd34-4430-a5fc-959d91d097b0}">
		<property name="isProxyEnabled">
			<value>false</value>
		</property>
	</object>
	<object class="ActionSheet" id="{c01dab48-9ad4-473c-a460-c72d24ba9fd2}">
		<relationship name="modules">
			<destination>{345bb339-7f46-4263-a40b-7eaaeb925fc4}</destination>
		</relationship>
	</object>
	<object class="EventMixerMaster" id="{0cbb7f98-7d98-4a81-a704-f18c09b32230}">
		<relationship name="effectChain">
			<destination>{9fdb4245-436d-45cc-8ded-422c40f19558}</destination>
		</relationship>
		<relationship name="panner">
			<destination>{e49dd7ff-6043-49f8-a95f-8dffed4310f3}</destination>
		</relationship>
		<relationship name="mixer">
			<destination>{2b5a63b5-2077-4b96-853f-f1dafa0e36d9}</destination>
		</relationship>
	</object>
	<object class="MultiSound" id="{345bb339-7f46-4263-a40b-7eaaeb925fc4}">
		<relationship name="sounds">
			<destination>{a1cb6152-7aef-411f-bf1e-f0fa4c8505ce}</destination>
		</relationship>
	</object>
	<object class="MixerBusEffectChain" id="{5aaa2db9-d032-4434-9c16-c6ff2bef8af0}">
		<relationship name="effects">
			<destination>{469cd4e3-a674-4f3a-a643-322d0f5c5bc0}</destination>
		</relationship>
	</object>
	<object class="MixerBusPanner" id="{c76b1c1b-3476-4a6f-90c4-5fabb50e3ec5}" />
	<object class="MixerBusEffectChain" id="{9fdb4245-436d-45cc-8ded-422c40f19558}">
		<relationship name="effects">
			<destination>{85c34cee-3b9c-4928-95f3-95e4e8ff5b0b}</destination>
		</relationship>
	</object>
	<object class="MixerBusPanner" id="{e49dd7ff-6043-49f8-a95f-8dffed4310f3}" />
	<object class="MultiSound" id="{a1cb6152-7aef-411f-bf1e-f0fa4c8505ce}">
		<relationship name="sounds">
			<destination>{7b5100e5-d67b-4c71-9dad-7640210212be}</destination>
			<destination>{02a16dc9-aa7f-467c-b0a4-47f95925aa97}</destination>
			<destination>{5cf88a00-dc3f-45ef-a180-8f4bca824617}</destination>
			<destination>{34bc5e1b-26c7-4163-a8cd-698a61e5a380}</destination>
			<destination>{831b4432-4a86-45cf-a4af-117a724ae49c}</destination>
			<destination>{52a8098a-43e5-4b5b-8cb7-80fefa4606cd}</destination>
			<destination>{ac8c181e-51c4-414f-9b67-69c3575a4971}</destination>
		</relationship>
	</object>
	<object class="MixerBusFader" id="{469cd4e3-a674-4f3a-a643-322d0f5c5bc0}" />
	<object class="MixerBusFader" id="{85c34cee-3b9c-4928-95f3-95e4e8ff5b0b}" />
	<object class="SingleSound" id="{7b5100e5-d67b-4c71-9dad-7640210212be}">
		<relationship name="audioFile">
			<destination>{5b78f56c-c797-449a-817a-d47711431ef6}</destination>
		</relationship>
	</object>
	<object class="SingleSound" id="{02a16dc9-aa7f-467c-b0a4-47f95925aa97}">
		<relationship name="audioFile">
			<destination>{5a5dcdb6-833c-4de2-8a27-ef83ce7fb5c7}</destination>
		</relationship>
	</object>
	<object class="SingleSound" id="{5cf88a00-dc3f-45ef-a180-8f4bca824617}">
		<relationship name="audioFile">
			<destination>{d71d8866-a4cc-46a1-9b4a-4971003ac3de}</destination>
		</relationship>
	</object>
	<object class="SingleSound" id="{34bc5e1b-26c7-4163-a8cd-698a61e5a380}">
		<relationship name="audioFile">
			<destination>{7d6f34e9-41c4-462e-9eb3-1cd7ad11e8a6}</destination>
		</relationship>
	</object>
	<object class="SingleSound" id="{831b4432-4a86-45cf-a4af-117a724ae49c}">
		<relationship name="audioFile">
			<destination>{5a426159-cd6c-41e8-bbd2-3add4caf21b6}</destination>
		</relationship>
	</object>
	<object class="SingleSound" id="{52a8098a-43e5-4b5b-8cb7-80fefa4606cd}">
		<relationship name="audioFile">
			<destination>{e7dd2dbe-e287-475b-a562-26661504d95b}</destination>
		</relationship>
	</object>
	<object class="SingleSound" id="{ac8c181e-51c4-414f-9b67-69c3575a4971}">
		<relationship name="audioFile">
			<destination>{f2b53be1-a904-4b10-a7e1-4369886ab158}</destination>
		</relationship>
	</object>
</objects>
