<?xml version="1.0" encoding="UTF-8"?>
<objects serializationModel="Studio.02.02.00">
	<object class="Event" id="{3a61dc3f-c038-404d-82c4-e6824fbd2e2d}">
		<property name="name">
			<value>W.M_Mus_Menu</value>
		</property>
		<property name="outputFormat">
			<value>1</value>
		</property>
		<relationship name="folder">
			<destination>{4a98f38e-2eec-4604-acba-a2533ac52a64}</destination>
		</relationship>
		<relationship name="mixer">
			<destination>{6dffb0a9-a84e-482b-a7d9-9192897cdaa5}</destination>
		</relationship>
		<relationship name="masterTrack">
			<destination>{b0ec30ec-a01c-4fae-b6b4-76ed7be03a1f}</destination>
		</relationship>
		<relationship name="mixerInput">
			<destination>{03d3313b-e4ff-4027-8255-f48ba589013a}</destination>
		</relationship>
		<relationship name="automatableProperties">
			<destination>{271e28cf-caa6-4aaa-b2e7-cd288d481f53}</destination>
		</relationship>
		<relationship name="markerTracks">
			<destination>{504b0054-19fb-443c-90d9-788dea158600}</destination>
		</relationship>
		<relationship name="groupTracks">
			<destination>{7d8cfe6b-3221-43be-be71-8c7ae745ed9b}</destination>
		</relationship>
		<relationship name="timeline">
			<destination>{50876604-6f1c-4c76-bc5c-fd27abd9f6a3}</destination>
		</relationship>
		<relationship name="banks">
			<destination>{613cb608-2548-4094-ac12-cc35b25f859e}</destination>
		</relationship>
	</object>
	<object class="EventMixer" id="{6dffb0a9-a84e-482b-a7d9-9192897cdaa5}">
		<relationship name="masterBus">
			<destination>{b07e3c10-571d-4ac3-8401-13e6ddda1051}</destination>
		</relationship>
	</object>
	<object class="MasterTrack" id="{b0ec30ec-a01c-4fae-b6b4-76ed7be03a1f}">
		<relationship name="mixerGroup">
			<destination>{b07e3c10-571d-4ac3-8401-13e6ddda1051}</destination>
		</relationship>
	</object>
	<object class="MixerInput" id="{03d3313b-e4ff-4027-8255-f48ba589013a}">
		<relationship name="effectChain">
			<destination>{39ca1087-efcd-4528-b68e-79712f3f2391}</destination>
		</relationship>
		<relationship name="panner">
			<destination>{b74e9825-074b-48ef-8cba-a0c81b747517}</destination>
		</relationship>
		<relationship name="output">
			<destination>{30cfe73f-e63a-4446-b440-2fc2bdae230c}</destination>
		</relationship>
	</object>
	<object class="EventAutomatableProperties" id="{271e28cf-caa6-4aaa-b2e7-cd288d481f53}" />
	<object class="MarkerTrack" id="{504b0054-19fb-443c-90d9-788dea158600}" />
	<object class="GroupTrack" id="{7d8cfe6b-3221-43be-be71-8c7ae745ed9b}">
		<relationship name="modules">
			<destination>{d339d801-bbc1-4efd-931f-10afc311bc35}</destination>
		</relationship>
		<relationship name="mixerGroup">
			<destination>{ba2f1ecc-5f19-4038-af94-027cc6bcf824}</destination>
		</relationship>
	</object>
	<object class="Timeline" id="{50876604-6f1c-4c76-bc5c-fd27abd9f6a3}">
		<relationship name="modules">
			<destination>{d339d801-bbc1-4efd-931f-10afc311bc35}</destination>
		</relationship>
		<relationship name="markers">
			<destination>{50e71566-18a4-4ddb-87fb-4cec0fd88efd}</destination>
		</relationship>
	</object>
	<object class="EventMixerMaster" id="{b07e3c10-571d-4ac3-8401-13e6ddda1051}">
		<relationship name="effectChain">
			<destination>{575744aa-b27f-4cdf-942f-f85e1892d775}</destination>
		</relationship>
		<relationship name="panner">
			<destination>{f8d792a9-d92c-48d5-8d03-cccd94c18d81}</destination>
		</relationship>
		<relationship name="mixer">
			<destination>{6dffb0a9-a84e-482b-a7d9-9192897cdaa5}</destination>
		</relationship>
	</object>
	<object class="MixerBusEffectChain" id="{39ca1087-efcd-4528-b68e-79712f3f2391}">
		<relationship name="effects">
			<destination>{3441ae2e-edef-4596-9406-189b5755bc00}</destination>
		</relationship>
	</object>
	<object class="MixerBusPanner" id="{b74e9825-074b-48ef-8cba-a0c81b747517}" />
	<object class="SingleSound" id="{d339d801-bbc1-4efd-931f-10afc311bc35}">
		<property name="length">
			<value>46.285708333333332</value>
		</property>
		<relationship name="audioFile">
			<destination>{3f31124f-d794-441d-bf41-80cbf0a7f2fe}</destination>
		</relationship>
	</object>
	<object class="EventMixerGroup" id="{ba2f1ecc-5f19-4038-af94-027cc6bcf824}">
		<property name="name">
			<value>Audio 1</value>
		</property>
		<relationship name="effectChain">
			<destination>{178a26f5-ed6a-43c4-a204-804ff153cdd3}</destination>
		</relationship>
		<relationship name="panner">
			<destination>{a95a7798-822f-4d45-b43d-17c7b7848d53}</destination>
		</relationship>
		<relationship name="output">
			<destination>{b07e3c10-571d-4ac3-8401-13e6ddda1051}</destination>
		</relationship>
	</object>
	<object class="LoopRegion" id="{50e71566-18a4-4ddb-87fb-4cec0fd88efd}">
		<property name="position">
			<value>0</value>
		</property>
		<property name="length">
			<value>46.285708333333332</value>
		</property>
		<relationship name="timeline">
			<destination>{50876604-6f1c-4c76-bc5c-fd27abd9f6a3}</destination>
		</relationship>
		<relationship name="markerTrack">
			<destination>{504b0054-19fb-443c-90d9-788dea158600}</destination>
		</relationship>
	</object>
	<object class="MixerBusEffectChain" id="{575744aa-b27f-4cdf-942f-f85e1892d775}">
		<relationship name="effects">
			<destination>{8247cefa-eb74-4bea-a4d9-5732b2ea4e27}</destination>
		</relationship>
	</object>
	<object class="MixerBusPanner" id="{f8d792a9-d92c-48d5-8d03-cccd94c18d81}" />
	<object class="MixerBusFader" id="{3441ae2e-edef-4596-9406-189b5755bc00}" />
	<object class="MixerBusEffectChain" id="{178a26f5-ed6a-43c4-a204-804ff153cdd3}">
		<relationship name="effects">
			<destination>{d171a52c-1271-4cc1-8302-5e94317648f6}</destination>
		</relationship>
	</object>
	<object class="MixerBusPanner" id="{a95a7798-822f-4d45-b43d-17c7b7848d53}" />
	<object class="MixerBusFader" id="{8247cefa-eb74-4bea-a4d9-5732b2ea4e27}" />
	<object class="MixerBusFader" id="{d171a52c-1271-4cc1-8302-5e94317648f6}" />
</objects>
