<?xml version="1.0" encoding="UTF-8"?>
<objects serializationModel="Studio.02.02.00">
	<object class="Event" id="{74995c76-d1e1-4b95-8cce-e2c447c53cec}">
		<property name="name">
			<value>PlayerStepWetClothes</value>
		</property>
		<property name="outputFormat">
			<value>0</value>
		</property>
		<relationship name="folder">
			<destination>{eb3f599b-928f-42be-9f54-7622604b2ee1}</destination>
		</relationship>
		<relationship name="mixer">
			<destination>{fe174a43-9916-4b35-a763-b2464fb22ee1}</destination>
		</relationship>
		<relationship name="masterTrack">
			<destination>{189d4e19-48e6-4816-b465-8041e7d84a8e}</destination>
		</relationship>
		<relationship name="mixerInput">
			<destination>{ba2e58ad-a0b7-4efd-b49f-26cb4ef14d6d}</destination>
		</relationship>
		<relationship name="automatableProperties">
			<destination>{4782661a-d5a6-4724-8b50-238430bf4659}</destination>
		</relationship>
		<relationship name="markerTracks">
			<destination>{6ee002e2-c32c-4ca3-88e6-832c7f53a85e}</destination>
		</relationship>
		<relationship name="timeline">
			<destination>{54366409-43fb-49ee-be55-9ba20ad3ed70}</destination>
		</relationship>
		<relationship name="parameters">
			<destination>{72394842-17dc-40a7-b261-84eaa5b1bad7}</destination>
		</relationship>
		<relationship name="banks">
			<destination>{613cb608-2548-4094-ac12-cc35b25f859e}</destination>
		</relationship>
	</object>
	<object class="EventMixer" id="{fe174a43-9916-4b35-a763-b2464fb22ee1}">
		<relationship name="masterBus">
			<destination>{a0f17eb0-3731-41e8-a15e-2daa5f773526}</destination>
		</relationship>
	</object>
	<object class="MasterTrack" id="{189d4e19-48e6-4816-b465-8041e7d84a8e}">
		<relationship name="modules">
			<destination>{38f7abea-6a56-4359-a6fc-5dc453d627e0}</destination>
		</relationship>
		<relationship name="mixerGroup">
			<destination>{a0f17eb0-3731-41e8-a15e-2daa5f773526}</destination>
		</relationship>
	</object>
	<object class="MixerInput" id="{ba2e58ad-a0b7-4efd-b49f-26cb4ef14d6d}">
		<relationship name="effectChain">
			<destination>{958c47fe-5096-470d-ac08-8aca611436a3}</destination>
		</relationship>
		<relationship name="panner">
			<destination>{f36872cc-176a-46bc-894f-145ff66816d1}</destination>
		</relationship>
		<relationship name="output">
			<destination>{30cfe73f-e63a-4446-b440-2fc2bdae230c}</destination>
		</relationship>
	</object>
	<object class="EventAutomatableProperties" id="{4782661a-d5a6-4724-8b50-238430bf4659}" />
	<object class="MarkerTrack" id="{6ee002e2-c32c-4ca3-88e6-832c7f53a85e}" />
	<object class="Timeline" id="{54366409-43fb-49ee-be55-9ba20ad3ed70}">
		<property name="isProxyEnabled">
			<value>false</value>
		</property>
	</object>
	<object class="ActionSheet" id="{72394842-17dc-40a7-b261-84eaa5b1bad7}">
		<relationship name="modules">
			<destination>{38f7abea-6a56-4359-a6fc-5dc453d627e0}</destination>
		</relationship>
	</object>
	<object class="EventMixerMaster" id="{a0f17eb0-3731-41e8-a15e-2daa5f773526}">
		<relationship name="effectChain">
			<destination>{2f20f7a2-e3aa-4351-90f5-2e327abf3b98}</destination>
		</relationship>
		<relationship name="panner">
			<destination>{af1367d2-0a0f-4679-b842-e33c5fd7a391}</destination>
		</relationship>
		<relationship name="mixer">
			<destination>{fe174a43-9916-4b35-a763-b2464fb22ee1}</destination>
		</relationship>
	</object>
	<object class="MultiSound" id="{38f7abea-6a56-4359-a6fc-5dc453d627e0}">
		<relationship name="sounds">
			<destination>{48dcae80-afed-4006-a914-9b59048973df}</destination>
		</relationship>
	</object>
	<object class="MixerBusEffectChain" id="{958c47fe-5096-470d-ac08-8aca611436a3}">
		<relationship name="effects">
			<destination>{fc201eb9-c57f-457f-bef3-719b86f44809}</destination>
		</relationship>
	</object>
	<object class="MixerBusPanner" id="{f36872cc-176a-46bc-894f-145ff66816d1}" />
	<object class="MixerBusEffectChain" id="{2f20f7a2-e3aa-4351-90f5-2e327abf3b98}">
		<relationship name="effects">
			<destination>{bf0a92a8-2036-4458-b1a7-1153e0d57d86}</destination>
		</relationship>
	</object>
	<object class="MixerBusPanner" id="{af1367d2-0a0f-4679-b842-e33c5fd7a391}" />
	<object class="MultiSound" id="{48dcae80-afed-4006-a914-9b59048973df}">
		<relationship name="sounds">
			<destination>{704bc107-9945-4fc0-9d53-047d7663f2e5}</destination>
			<destination>{52533410-995e-40a2-97ec-6766524796ec}</destination>
			<destination>{ff77ccde-60f3-4505-9e43-091c79a0d8f9}</destination>
			<destination>{cf909993-cddf-4fa3-8faf-a9974b391ae9}</destination>
			<destination>{7f3df25f-a2b6-4963-a7e3-af607f6a0dfb}</destination>
			<destination>{7402605d-9172-4932-afdc-db4e1dc58701}</destination>
			<destination>{4d235760-ee75-4e38-8897-a94fd24ed937}</destination>
			<destination>{f97b8657-ba61-49a6-8e0c-7f173a165782}</destination>
		</relationship>
	</object>
	<object class="MixerBusFader" id="{fc201eb9-c57f-457f-bef3-719b86f44809}" />
	<object class="MixerBusFader" id="{bf0a92a8-2036-4458-b1a7-1153e0d57d86}" />
	<object class="SingleSound" id="{704bc107-9945-4fc0-9d53-047d7663f2e5}">
		<relationship name="audioFile">
			<destination>{12c69d16-0944-48a3-87e8-041323bd42ff}</destination>
		</relationship>
	</object>
	<object class="SingleSound" id="{52533410-995e-40a2-97ec-6766524796ec}">
		<relationship name="audioFile">
			<destination>{91d4283f-b4d0-488a-96e5-1d73cc0d7a76}</destination>
		</relationship>
	</object>
	<object class="SingleSound" id="{ff77ccde-60f3-4505-9e43-091c79a0d8f9}">
		<relationship name="audioFile">
			<destination>{c944441d-ec74-4f26-9263-f7530fc3aa27}</destination>
		</relationship>
	</object>
	<object class="SingleSound" id="{cf909993-cddf-4fa3-8faf-a9974b391ae9}">
		<relationship name="audioFile">
			<destination>{1ac0d464-d9b0-4418-b94d-622f267eb946}</destination>
		</relationship>
	</object>
	<object class="SingleSound" id="{7f3df25f-a2b6-4963-a7e3-af607f6a0dfb}">
		<relationship name="audioFile">
			<destination>{f71d5f39-a365-4b96-846b-1ff9788be47c}</destination>
		</relationship>
	</object>
	<object class="SingleSound" id="{7402605d-9172-4932-afdc-db4e1dc58701}">
		<relationship name="audioFile">
			<destination>{a74773d3-da4b-4e8d-845b-1885f55023fa}</destination>
		</relationship>
	</object>
	<object class="SingleSound" id="{4d235760-ee75-4e38-8897-a94fd24ed937}">
		<relationship name="audioFile">
			<destination>{be4c0115-d226-4e38-b4d2-a13ce0d4000d}</destination>
		</relationship>
	</object>
	<object class="SingleSound" id="{f97b8657-ba61-49a6-8e0c-7f173a165782}">
		<relationship name="audioFile">
			<destination>{3e0b2b27-1a34-4041-a8b0-422acb2505dd}</destination>
		</relationship>
	</object>
</objects>
