<?xml version="1.0" encoding="UTF-8"?>
<objects serializationModel="Studio.02.02.00">
	<object class="Event" id="{8897483f-4acc-44fa-b5b1-50954aa57a47}">
		<property name="name">
			<value>PlayerJumpWetClothes</value>
		</property>
		<property name="outputFormat">
			<value>0</value>
		</property>
		<relationship name="folder">
			<destination>{eb3f599b-928f-42be-9f54-7622604b2ee1}</destination>
		</relationship>
		<relationship name="mixer">
			<destination>{cff7fe1f-25d1-4596-8025-fadf90ae1d06}</destination>
		</relationship>
		<relationship name="masterTrack">
			<destination>{4129a8d5-896d-437c-b93e-59a58aa8e064}</destination>
		</relationship>
		<relationship name="mixerInput">
			<destination>{3bb23472-d41f-4f09-9f42-e1fac312b5e9}</destination>
		</relationship>
		<relationship name="automatableProperties">
			<destination>{c3b89e0f-6389-4ef2-a8ce-4d81fada80d4}</destination>
		</relationship>
		<relationship name="markerTracks">
			<destination>{da13ba3c-2fcd-4b39-9b55-3f30a1b86817}</destination>
		</relationship>
		<relationship name="timeline">
			<destination>{7670cf46-b055-47d2-9933-192a826fc730}</destination>
		</relationship>
		<relationship name="parameters">
			<destination>{490df4a3-affa-4a92-a69e-c56890d650f0}</destination>
		</relationship>
		<relationship name="banks">
			<destination>{613cb608-2548-4094-ac12-cc35b25f859e}</destination>
		</relationship>
	</object>
	<object class="EventMixer" id="{cff7fe1f-25d1-4596-8025-fadf90ae1d06}">
		<relationship name="masterBus">
			<destination>{091aee0c-b0a8-422f-8741-17f72b5c2b12}</destination>
		</relationship>
	</object>
	<object class="MasterTrack" id="{4129a8d5-896d-437c-b93e-59a58aa8e064}">
		<relationship name="modules">
			<destination>{0267d769-f6e5-4227-b83d-0ac98022c41d}</destination>
		</relationship>
		<relationship name="mixerGroup">
			<destination>{091aee0c-b0a8-422f-8741-17f72b5c2b12}</destination>
		</relationship>
	</object>
	<object class="MixerInput" id="{3bb23472-d41f-4f09-9f42-e1fac312b5e9}">
		<relationship name="effectChain">
			<destination>{30e46e76-b817-40f0-b24e-26d026d67687}</destination>
		</relationship>
		<relationship name="panner">
			<destination>{4edcea14-4b6a-4ffd-8e78-8ffe2f83aca4}</destination>
		</relationship>
		<relationship name="output">
			<destination>{30cfe73f-e63a-4446-b440-2fc2bdae230c}</destination>
		</relationship>
	</object>
	<object class="EventAutomatableProperties" id="{c3b89e0f-6389-4ef2-a8ce-4d81fada80d4}" />
	<object class="MarkerTrack" id="{da13ba3c-2fcd-4b39-9b55-3f30a1b86817}" />
	<object class="Timeline" id="{7670cf46-b055-47d2-9933-192a826fc730}">
		<property name="isProxyEnabled">
			<value>false</value>
		</property>
	</object>
	<object class="ActionSheet" id="{490df4a3-affa-4a92-a69e-c56890d650f0}">
		<relationship name="modules">
			<destination>{0267d769-f6e5-4227-b83d-0ac98022c41d}</destination>
		</relationship>
	</object>
	<object class="EventMixerMaster" id="{091aee0c-b0a8-422f-8741-17f72b5c2b12}">
		<relationship name="effectChain">
			<destination>{5e7c07cf-6693-41d7-9209-1ad8af60bea8}</destination>
		</relationship>
		<relationship name="panner">
			<destination>{f01609a4-7e66-4512-9c0a-5cfb4d36a2b2}</destination>
		</relationship>
		<relationship name="mixer">
			<destination>{cff7fe1f-25d1-4596-8025-fadf90ae1d06}</destination>
		</relationship>
	</object>
	<object class="MultiSound" id="{0267d769-f6e5-4227-b83d-0ac98022c41d}">
		<relationship name="sounds">
			<destination>{c1b416f4-fdd0-4f61-8200-fa6a240503e8}</destination>
		</relationship>
	</object>
	<object class="MixerBusEffectChain" id="{30e46e76-b817-40f0-b24e-26d026d67687}">
		<relationship name="effects">
			<destination>{6597cec3-b54e-4ea5-b4ab-89f50207b2e8}</destination>
		</relationship>
	</object>
	<object class="MixerBusPanner" id="{4edcea14-4b6a-4ffd-8e78-8ffe2f83aca4}" />
	<object class="MixerBusEffectChain" id="{5e7c07cf-6693-41d7-9209-1ad8af60bea8}">
		<relationship name="effects">
			<destination>{51afd0bb-7299-4b7d-a2a3-d25b496db0ef}</destination>
		</relationship>
	</object>
	<object class="MixerBusPanner" id="{f01609a4-7e66-4512-9c0a-5cfb4d36a2b2}" />
	<object class="MultiSound" id="{c1b416f4-fdd0-4f61-8200-fa6a240503e8}">
		<relationship name="sounds">
			<destination>{d5d92639-2c00-441a-ac56-343a0a86d1b0}</destination>
			<destination>{08c40f6f-4fa5-488c-90f8-d211cf559b6c}</destination>
			<destination>{d8b07582-6836-419f-9246-c772c138c058}</destination>
			<destination>{4312f25a-f09c-4267-9129-15f23324c996}</destination>
			<destination>{f922635d-95b5-47ca-8c37-1beb32ae5f13}</destination>
		</relationship>
	</object>
	<object class="MixerBusFader" id="{6597cec3-b54e-4ea5-b4ab-89f50207b2e8}" />
	<object class="MixerBusFader" id="{51afd0bb-7299-4b7d-a2a3-d25b496db0ef}" />
	<object class="SingleSound" id="{d5d92639-2c00-441a-ac56-343a0a86d1b0}">
		<relationship name="audioFile">
			<destination>{f0becd94-4759-4601-bf9a-c283cee69352}</destination>
		</relationship>
	</object>
	<object class="SingleSound" id="{08c40f6f-4fa5-488c-90f8-d211cf559b6c}">
		<relationship name="audioFile">
			<destination>{a6d11338-9b75-41fb-a9cb-aa67aeb40de1}</destination>
		</relationship>
	</object>
	<object class="SingleSound" id="{d8b07582-6836-419f-9246-c772c138c058}">
		<relationship name="audioFile">
			<destination>{c78bfb85-fbf2-44c4-9611-38cc0a4e6107}</destination>
		</relationship>
	</object>
	<object class="SingleSound" id="{4312f25a-f09c-4267-9129-15f23324c996}">
		<relationship name="audioFile">
			<destination>{57dbbf7e-4f9b-48b0-bfc1-f2ad99ab42d1}</destination>
		</relationship>
	</object>
	<object class="SingleSound" id="{f922635d-95b5-47ca-8c37-1beb32ae5f13}">
		<relationship name="audioFile">
			<destination>{cd49dd94-3642-4a35-b688-162e3dbbb191}</destination>
		</relationship>
	</object>
</objects>
