<?xml version="1.0" encoding="UTF-8"?>
<objects serializationModel="Studio.02.02.00">
	<object class="Event" id="{d43e13d3-9a49-4dd5-bfba-80b74abdb68c}">
		<property name="name">
			<value>PlayerRoll</value>
		</property>
		<property name="outputFormat">
			<value>0</value>
		</property>
		<relationship name="folder">
			<destination>{eb3f599b-928f-42be-9f54-7622604b2ee1}</destination>
		</relationship>
		<relationship name="mixer">
			<destination>{189a2a19-28a4-4b05-accf-0e79782aa54a}</destination>
		</relationship>
		<relationship name="masterTrack">
			<destination>{e400cce9-8960-43e1-baae-4a9d168cb5cb}</destination>
		</relationship>
		<relationship name="mixerInput">
			<destination>{0dbcf439-e07f-437f-8370-a4be7eceffca}</destination>
		</relationship>
		<relationship name="automatableProperties">
			<destination>{3478fd1d-e7b7-4c6b-af0b-5eeb7929feaa}</destination>
		</relationship>
		<relationship name="markerTracks">
			<destination>{a6ab14ee-88ad-4eb0-b35c-0b31c1cc2b54}</destination>
		</relationship>
		<relationship name="timeline">
			<destination>{e122903e-ad39-43a9-b9d5-c9633773c7c2}</destination>
		</relationship>
		<relationship name="parameters">
			<destination>{66a25641-8abe-44ba-9241-b677eb97e188}</destination>
		</relationship>
		<relationship name="banks">
			<destination>{613cb608-2548-4094-ac12-cc35b25f859e}</destination>
		</relationship>
	</object>
	<object class="EventMixer" id="{189a2a19-28a4-4b05-accf-0e79782aa54a}">
		<relationship name="masterBus">
			<destination>{cbf649fb-0e72-4ce8-beff-bfbc2e7b6bcc}</destination>
		</relationship>
	</object>
	<object class="MasterTrack" id="{e400cce9-8960-43e1-baae-4a9d168cb5cb}">
		<relationship name="modules">
			<destination>{689ccab4-fab5-4ca8-b5f5-1e48b38e34bf}</destination>
		</relationship>
		<relationship name="mixerGroup">
			<destination>{cbf649fb-0e72-4ce8-beff-bfbc2e7b6bcc}</destination>
		</relationship>
	</object>
	<object class="MixerInput" id="{0dbcf439-e07f-437f-8370-a4be7eceffca}">
		<relationship name="effectChain">
			<destination>{ac6c17c4-e7b5-4495-b7f0-6839114870b3}</destination>
		</relationship>
		<relationship name="panner">
			<destination>{c4856fc1-8e05-4ff1-a53f-0225c1ed31bf}</destination>
		</relationship>
		<relationship name="output">
			<destination>{30cfe73f-e63a-4446-b440-2fc2bdae230c}</destination>
		</relationship>
	</object>
	<object class="EventAutomatableProperties" id="{3478fd1d-e7b7-4c6b-af0b-5eeb7929feaa}" />
	<object class="MarkerTrack" id="{a6ab14ee-88ad-4eb0-b35c-0b31c1cc2b54}" />
	<object class="Timeline" id="{e122903e-ad39-43a9-b9d5-c9633773c7c2}">
		<property name="isProxyEnabled">
			<value>false</value>
		</property>
	</object>
	<object class="ActionSheet" id="{66a25641-8abe-44ba-9241-b677eb97e188}">
		<relationship name="modules">
			<destination>{689ccab4-fab5-4ca8-b5f5-1e48b38e34bf}</destination>
		</relationship>
	</object>
	<object class="EventMixerMaster" id="{cbf649fb-0e72-4ce8-beff-bfbc2e7b6bcc}">
		<relationship name="effectChain">
			<destination>{27ada986-2676-4eff-99fd-f06eb11fb02c}</destination>
		</relationship>
		<relationship name="panner">
			<destination>{99821d15-f2d2-42db-8ac2-87e73a584b78}</destination>
		</relationship>
		<relationship name="mixer">
			<destination>{189a2a19-28a4-4b05-accf-0e79782aa54a}</destination>
		</relationship>
	</object>
	<object class="MultiSound" id="{689ccab4-fab5-4ca8-b5f5-1e48b38e34bf}">
		<relationship name="sounds">
			<destination>{5d08caca-e521-45b2-bbe6-9203ea9fcc4f}</destination>
		</relationship>
	</object>
	<object class="MixerBusEffectChain" id="{ac6c17c4-e7b5-4495-b7f0-6839114870b3}">
		<relationship name="effects">
			<destination>{530bbf7c-2c87-45d5-82c2-5ff333f0d5c6}</destination>
		</relationship>
	</object>
	<object class="MixerBusPanner" id="{c4856fc1-8e05-4ff1-a53f-0225c1ed31bf}" />
	<object class="MixerBusEffectChain" id="{27ada986-2676-4eff-99fd-f06eb11fb02c}">
		<relationship name="effects">
			<destination>{932fdcc5-f39a-4249-ba3f-bc96bfef84c8}</destination>
		</relationship>
	</object>
	<object class="MixerBusPanner" id="{99821d15-f2d2-42db-8ac2-87e73a584b78}" />
	<object class="MultiSound" id="{5d08caca-e521-45b2-bbe6-9203ea9fcc4f}">
		<relationship name="sounds">
			<destination>{66cc7f4b-9a90-4517-90f3-fe4b7a06ef37}</destination>
			<destination>{ae637b8e-0830-469d-848d-5ac04c335a85}</destination>
			<destination>{e0af5849-fb00-4588-a6c9-4a749ac73933}</destination>
			<destination>{b6e3e8b7-e204-42c3-b4c5-764802b57519}</destination>
		</relationship>
	</object>
	<object class="MixerBusFader" id="{530bbf7c-2c87-45d5-82c2-5ff333f0d5c6}" />
	<object class="MixerBusFader" id="{932fdcc5-f39a-4249-ba3f-bc96bfef84c8}" />
	<object class="SingleSound" id="{66cc7f4b-9a90-4517-90f3-fe4b7a06ef37}">
		<relationship name="audioFile">
			<destination>{3497bbe5-6b81-4d7b-abe3-5fe7d9b15673}</destination>
		</relationship>
	</object>
	<object class="SingleSound" id="{ae637b8e-0830-469d-848d-5ac04c335a85}">
		<relationship name="audioFile">
			<destination>{88d89372-e040-4f14-af71-12030ae518d2}</destination>
		</relationship>
	</object>
	<object class="SingleSound" id="{e0af5849-fb00-4588-a6c9-4a749ac73933}">
		<relationship name="audioFile">
			<destination>{18b44696-b4f1-4e53-b030-6817f1165200}</destination>
		</relationship>
	</object>
	<object class="SingleSound" id="{b6e3e8b7-e204-42c3-b4c5-764802b57519}">
		<relationship name="audioFile">
			<destination>{90d820f0-8695-401e-a17c-a5ec8e8acc78}</destination>
		</relationship>
	</object>
</objects>
