<?xml version="1.0" encoding="UTF-8"?>
<objects serializationModel="Studio.02.02.00">
	<object class="Event" id="{e81582de-0269-4e47-a82c-aae9211864f4}">
		<property name="name">
			<value>W.M_Mus_Boss_Foam</value>
		</property>
		<property name="outputFormat">
			<value>1</value>
		</property>
		<relationship name="folder">
			<destination>{4a98f38e-2eec-4604-acba-a2533ac52a64}</destination>
		</relationship>
		<relationship name="mixer">
			<destination>{52febe77-eb1b-49e1-8634-a95f1c3350bb}</destination>
		</relationship>
		<relationship name="masterTrack">
			<destination>{c52ef01d-bfc2-4702-a2a4-0fb556cbe56f}</destination>
		</relationship>
		<relationship name="mixerInput">
			<destination>{fe2d8e7e-9d79-4af5-9022-f3580f9bc860}</destination>
		</relationship>
		<relationship name="automatableProperties">
			<destination>{ab8916ec-bf53-421d-80f0-69dba4f8fe1f}</destination>
		</relationship>
		<relationship name="markerTracks">
			<destination>{b0613001-9f1d-497d-a3ae-211b0aaf0e61}</destination>
		</relationship>
		<relationship name="groupTracks">
			<destination>{2b6a46d2-be61-42fb-aa44-2f66cd2b4074}</destination>
		</relationship>
		<relationship name="timeline">
			<destination>{ad7ea726-bf51-4e65-97ac-b20695da94ef}</destination>
		</relationship>
		<relationship name="banks">
			<destination>{613cb608-2548-4094-ac12-cc35b25f859e}</destination>
		</relationship>
	</object>
	<object class="EventMixer" id="{52febe77-eb1b-49e1-8634-a95f1c3350bb}">
		<relationship name="masterBus">
			<destination>{08ca5b4c-94c3-4343-b4d6-ebb47796eaa6}</destination>
		</relationship>
	</object>
	<object class="MasterTrack" id="{c52ef01d-bfc2-4702-a2a4-0fb556cbe56f}">
		<relationship name="mixerGroup">
			<destination>{08ca5b4c-94c3-4343-b4d6-ebb47796eaa6}</destination>
		</relationship>
	</object>
	<object class="MixerInput" id="{fe2d8e7e-9d79-4af5-9022-f3580f9bc860}">
		<relationship name="effectChain">
			<destination>{2aae6a7c-c877-4bdb-8ad6-a5fa88184eab}</destination>
		</relationship>
		<relationship name="panner">
			<destination>{f2ad3fdc-317e-4171-a6a9-dc74a51ff0a1}</destination>
		</relationship>
		<relationship name="output">
			<destination>{30cfe73f-e63a-4446-b440-2fc2bdae230c}</destination>
		</relationship>
	</object>
	<object class="EventAutomatableProperties" id="{ab8916ec-bf53-421d-80f0-69dba4f8fe1f}" />
	<object class="MarkerTrack" id="{b0613001-9f1d-497d-a3ae-211b0aaf0e61}" />
	<object class="GroupTrack" id="{2b6a46d2-be61-42fb-aa44-2f66cd2b4074}">
		<relationship name="modules">
			<destination>{0d4c2729-6242-4537-b4d8-b9483f39acd2}</destination>
		</relationship>
		<relationship name="mixerGroup">
			<destination>{b5b27f98-e72c-4df3-8293-48e26ad61b97}</destination>
		</relationship>
	</object>
	<object class="Timeline" id="{ad7ea726-bf51-4e65-97ac-b20695da94ef}">
		<relationship name="modules">
			<destination>{0d4c2729-6242-4537-b4d8-b9483f39acd2}</destination>
		</relationship>
		<relationship name="markers">
			<destination>{f623bd3c-8c73-41b9-bbde-94fabe0515a7}</destination>
		</relationship>
	</object>
	<object class="EventMixerMaster" id="{08ca5b4c-94c3-4343-b4d6-ebb47796eaa6}">
		<relationship name="effectChain">
			<destination>{cf40b7d9-a6da-4c87-9280-e7908ab20bcd}</destination>
		</relationship>
		<relationship name="panner">
			<destination>{13cffb10-4e56-43c7-bf48-56a6d81f43c0}</destination>
		</relationship>
		<relationship name="mixer">
			<destination>{52febe77-eb1b-49e1-8634-a95f1c3350bb}</destination>
		</relationship>
	</object>
	<object class="MixerBusEffectChain" id="{2aae6a7c-c877-4bdb-8ad6-a5fa88184eab}">
		<relationship name="effects">
			<destination>{456247c4-f3fb-49df-a158-769157e68c83}</destination>
		</relationship>
	</object>
	<object class="MixerBusPanner" id="{f2ad3fdc-317e-4171-a6a9-dc74a51ff0a1}" />
	<object class="SingleSound" id="{0d4c2729-6242-4537-b4d8-b9483f39acd2}">
		<property name="length">
			<value>61.071416666666664</value>
		</property>
		<relationship name="audioFile">
			<destination>{430a6bbb-821c-433d-893a-5c70be86470c}</destination>
		</relationship>
	</object>
	<object class="EventMixerGroup" id="{b5b27f98-e72c-4df3-8293-48e26ad61b97}">
		<property name="name">
			<value>Audio 1</value>
		</property>
		<relationship name="effectChain">
			<destination>{43f7dd75-a026-4cd3-b19d-95dbd31874e1}</destination>
		</relationship>
		<relationship name="panner">
			<destination>{6317e403-dc3b-4d5b-9416-14350a324d28}</destination>
		</relationship>
		<relationship name="output">
			<destination>{08ca5b4c-94c3-4343-b4d6-ebb47796eaa6}</destination>
		</relationship>
	</object>
	<object class="LoopRegion" id="{f623bd3c-8c73-41b9-bbde-94fabe0515a7}">
		<property name="position">
			<value>0</value>
		</property>
		<property name="length">
			<value>61.071416666666664</value>
		</property>
		<relationship name="timeline">
			<destination>{ad7ea726-bf51-4e65-97ac-b20695da94ef}</destination>
		</relationship>
		<relationship name="markerTrack">
			<destination>{b0613001-9f1d-497d-a3ae-211b0aaf0e61}</destination>
		</relationship>
	</object>
	<object class="MixerBusEffectChain" id="{cf40b7d9-a6da-4c87-9280-e7908ab20bcd}">
		<relationship name="effects">
			<destination>{b26bc7e2-8b7d-4b11-999c-1a25777f738c}</destination>
		</relationship>
	</object>
	<object class="MixerBusPanner" id="{13cffb10-4e56-43c7-bf48-56a6d81f43c0}" />
	<object class="MixerBusFader" id="{456247c4-f3fb-49df-a158-769157e68c83}" />
	<object class="MixerBusEffectChain" id="{43f7dd75-a026-4cd3-b19d-95dbd31874e1}">
		<relationship name="effects">
			<destination>{43aee619-7f50-43f0-91f0-05a5deabb3e6}</destination>
		</relationship>
	</object>
	<object class="MixerBusPanner" id="{6317e403-dc3b-4d5b-9416-14350a324d28}" />
	<object class="MixerBusFader" id="{b26bc7e2-8b7d-4b11-999c-1a25777f738c}" />
	<object class="MixerBusFader" id="{43aee619-7f50-43f0-91f0-05a5deabb3e6}" />
</objects>
