<?xml version="1.0" encoding="UTF-8"?>
<objects serializationModel="Studio.02.02.00">
	<object class="Event" id="{f983226c-4f2e-4cf5-9884-2a99b641873e}">
		<property name="name">
			<value>PlayerStepClothes</value>
		</property>
		<property name="outputFormat">
			<value>0</value>
		</property>
		<relationship name="folder">
			<destination>{eb3f599b-928f-42be-9f54-7622604b2ee1}</destination>
		</relationship>
		<relationship name="mixer">
			<destination>{9af85b21-db70-4891-8a1b-3754a9b2edd6}</destination>
		</relationship>
		<relationship name="masterTrack">
			<destination>{0939d9b1-14a9-4882-ae5a-0c0193643b46}</destination>
		</relationship>
		<relationship name="mixerInput">
			<destination>{416c7b8b-23a2-4732-9419-cceb79b9dfd5}</destination>
		</relationship>
		<relationship name="automatableProperties">
			<destination>{2466a187-5bfa-460d-921e-03aa22759860}</destination>
		</relationship>
		<relationship name="markerTracks">
			<destination>{dc4fd144-ff60-46c3-8a6c-b6c91dba3453}</destination>
		</relationship>
		<relationship name="timeline">
			<destination>{db0546d8-f779-402e-a7d8-2c1aadfd9122}</destination>
		</relationship>
		<relationship name="parameters">
			<destination>{2cc0f901-fa0f-442e-9dab-0fdc17360860}</destination>
		</relationship>
		<relationship name="banks">
			<destination>{613cb608-2548-4094-ac12-cc35b25f859e}</destination>
		</relationship>
	</object>
	<object class="EventMixer" id="{9af85b21-db70-4891-8a1b-3754a9b2edd6}">
		<relationship name="masterBus">
			<destination>{a32ac25d-be2f-45f4-abb6-90e2e785144a}</destination>
		</relationship>
	</object>
	<object class="MasterTrack" id="{0939d9b1-14a9-4882-ae5a-0c0193643b46}">
		<relationship name="modules">
			<destination>{3e5425f6-39cc-4fa6-bd36-5ff746aefea3}</destination>
		</relationship>
		<relationship name="mixerGroup">
			<destination>{a32ac25d-be2f-45f4-abb6-90e2e785144a}</destination>
		</relationship>
	</object>
	<object class="MixerInput" id="{416c7b8b-23a2-4732-9419-cceb79b9dfd5}">
		<relationship name="effectChain">
			<destination>{6268a06a-0f33-4bbb-864f-5a574d111058}</destination>
		</relationship>
		<relationship name="panner">
			<destination>{d7b5b4a4-31a0-4430-97af-342507356b65}</destination>
		</relationship>
		<relationship name="output">
			<destination>{30cfe73f-e63a-4446-b440-2fc2bdae230c}</destination>
		</relationship>
	</object>
	<object class="EventAutomatableProperties" id="{2466a187-5bfa-460d-921e-03aa22759860}" />
	<object class="MarkerTrack" id="{dc4fd144-ff60-46c3-8a6c-b6c91dba3453}" />
	<object class="Timeline" id="{db0546d8-f779-402e-a7d8-2c1aadfd9122}">
		<property name="isProxyEnabled">
			<value>false</value>
		</property>
	</object>
	<object class="ActionSheet" id="{2cc0f901-fa0f-442e-9dab-0fdc17360860}">
		<relationship name="modules">
			<destination>{3e5425f6-39cc-4fa6-bd36-5ff746aefea3}</destination>
		</relationship>
	</object>
	<object class="EventMixerMaster" id="{a32ac25d-be2f-45f4-abb6-90e2e785144a}">
		<relationship name="effectChain">
			<destination>{fdefa4ed-9473-4270-83b0-bdc9f8eb522e}</destination>
		</relationship>
		<relationship name="panner">
			<destination>{92e43235-bd6a-4385-98e7-627d88f4724a}</destination>
		</relationship>
		<relationship name="mixer">
			<destination>{9af85b21-db70-4891-8a1b-3754a9b2edd6}</destination>
		</relationship>
	</object>
	<object class="MultiSound" id="{3e5425f6-39cc-4fa6-bd36-5ff746aefea3}">
		<relationship name="sounds">
			<destination>{f11f5fa0-25b3-49c2-9067-809ad25b22ce}</destination>
		</relationship>
	</object>
	<object class="MixerBusEffectChain" id="{6268a06a-0f33-4bbb-864f-5a574d111058}">
		<relationship name="effects">
			<destination>{f924ce0a-63e0-4284-837c-e70a5a69bfde}</destination>
		</relationship>
	</object>
	<object class="MixerBusPanner" id="{d7b5b4a4-31a0-4430-97af-342507356b65}" />
	<object class="MixerBusEffectChain" id="{fdefa4ed-9473-4270-83b0-bdc9f8eb522e}">
		<relationship name="effects">
			<destination>{34207561-c257-4c0e-b6ca-c1160880cac0}</destination>
		</relationship>
	</object>
	<object class="MixerBusPanner" id="{92e43235-bd6a-4385-98e7-627d88f4724a}" />
	<object class="MultiSound" id="{f11f5fa0-25b3-49c2-9067-809ad25b22ce}">
		<relationship name="sounds">
			<destination>{e5ee7799-0c43-4d64-963b-3f5124242b97}</destination>
			<destination>{ab2ec26b-2bed-4fbe-a5fa-3f97aefa557f}</destination>
			<destination>{819f1d2f-5a6f-470b-9b9c-14f1c5b0b315}</destination>
			<destination>{5d4fb0db-07ef-4e7f-8b87-4ede008db72c}</destination>
			<destination>{1de65bbb-74a6-4010-9007-663fffc55c0f}</destination>
			<destination>{f30a42ce-98a9-476d-9df3-ca0b139dc07a}</destination>
			<destination>{45e304d0-5ba3-4313-9d4c-8eaa5a44dd51}</destination>
			<destination>{1185d576-1143-4195-bb59-440ad22e5d96}</destination>
		</relationship>
	</object>
	<object class="MixerBusFader" id="{f924ce0a-63e0-4284-837c-e70a5a69bfde}" />
	<object class="MixerBusFader" id="{34207561-c257-4c0e-b6ca-c1160880cac0}" />
	<object class="SingleSound" id="{e5ee7799-0c43-4d64-963b-3f5124242b97}">
		<relationship name="audioFile">
			<destination>{332f3263-2a92-496e-b652-1b54f8719241}</destination>
		</relationship>
	</object>
	<object class="SingleSound" id="{ab2ec26b-2bed-4fbe-a5fa-3f97aefa557f}">
		<relationship name="audioFile">
			<destination>{b866ff39-1e37-4dba-bfd3-81b022202bdb}</destination>
		</relationship>
	</object>
	<object class="SingleSound" id="{819f1d2f-5a6f-470b-9b9c-14f1c5b0b315}">
		<relationship name="audioFile">
			<destination>{5217e3e5-7f79-4aa4-82c7-0e566daf5125}</destination>
		</relationship>
	</object>
	<object class="SingleSound" id="{5d4fb0db-07ef-4e7f-8b87-4ede008db72c}">
		<relationship name="audioFile">
			<destination>{8a206bfd-3be4-4718-8e33-3fad5455cae0}</destination>
		</relationship>
	</object>
	<object class="SingleSound" id="{1de65bbb-74a6-4010-9007-663fffc55c0f}">
		<relationship name="audioFile">
			<destination>{a8e6ebab-6d3b-4b14-a41d-f984a823e89a}</destination>
		</relationship>
	</object>
	<object class="SingleSound" id="{f30a42ce-98a9-476d-9df3-ca0b139dc07a}">
		<relationship name="audioFile">
			<destination>{1d8b8ef9-8bd8-4bc9-9bca-8ac986bcbc33}</destination>
		</relationship>
	</object>
	<object class="SingleSound" id="{45e304d0-5ba3-4313-9d4c-8eaa5a44dd51}">
		<relationship name="audioFile">
			<destination>{b21d78e8-54de-4ada-9973-db57c1460c4a}</destination>
		</relationship>
	</object>
	<object class="SingleSound" id="{1185d576-1143-4195-bb59-440ad22e5d96}">
		<relationship name="audioFile">
			<destination>{a4ee1e80-41b5-4f38-98b9-e448fee961a5}</destination>
		</relationship>
	</object>
</objects>
