<?xml version="1.0" encoding="UTF-8"?>
<objects serializationModel="Studio.02.02.00">
	<object class="AudioFile" id="{05edf463-b334-4411-a7c1-6e4244aa3a21}">
		<property name="assetPath">
			<value>Tools/SFX_Player_Sword_05.wav</value>
		</property>
		<property name="frequencyInKHz">
			<value>44.0999985</value>
		</property>
		<property name="channelCount">
			<value>1</value>
		</property>
		<property name="length">
			<value>1.5</value>
		</property>
		<relationship name="masterAssetFolder">
			<destination>{1908aab1-1e34-43a0-8d9a-889d86455d67}</destination>
		</relationship>
	</object>
</objects>
