<?xml version="1.0" encoding="UTF-8"?>
<objects serializationModel="Studio.02.02.00">
	<object class="AudioFile" id="{ac24c5bb-bd9a-4375-85af-dda29e8e6420}">
		<property name="assetPath">
			<value>Player/SFX_Player_steps_Metal_07.wav</value>
		</property>
		<property name="frequencyInKHz">
			<value>44.0999985</value>
		</property>
		<property name="channelCount">
			<value>1</value>
		</property>
		<property name="length">
			<value>1.2837868480725623</value>
		</property>
		<relationship name="masterAssetFolder">
			<destination>{1908aab1-1e34-43a0-8d9a-889d86455d67}</destination>
		</relationship>
	</object>
</objects>
