<?xml version="1.0" encoding="UTF-8"?>
<objects serializationModel="Studio.02.02.00">
	<object class="MixerReturn" id="{bd75ee4a-40aa-44df-b571-da820a8c30d6}">
		<property name="overridingInputFormat">
			<value>2</value>
		</property>
		<property name="name">
			<value>Reverb</value>
		</property>
		<relationship name="effectChain">
			<destination>{9b609ff3-b889-41ac-971d-681ba45b5ec9}</destination>
		</relationship>
		<relationship name="panner">
			<destination>{3ddd10ec-8d55-4350-821e-2865032f50e3}</destination>
		</relationship>
		<relationship name="output">
			<destination>{30cfe73f-e63a-4446-b440-2fc2bdae230c}</destination>
		</relationship>
	</object>
	<object class="MixerBusEffectChain" id="{9b609ff3-b889-41ac-971d-681ba45b5ec9}">
		<relationship name="effects">
			<destination>{b2978c0a-0fe8-4b0b-b19a-c130ae793b74}</destination>
			<destination>{286e0aea-7fe7-461a-8c8e-26e28b7d4da0}</destination>
		</relationship>
	</object>
	<object class="MixerBusPanner" id="{3ddd10ec-8d55-4350-821e-2865032f50e3}" />
	<object class="SFXReverbEffect" id="{b2978c0a-0fe8-4b0b-b19a-c130ae793b74}">
		<property name="wetLevel">
			<value>0</value>
		</property>
		<property name="dryLevel">
			<value>-80</value>
		</property>
	</object>
	<object class="MixerBusFader" id="{286e0aea-7fe7-461a-8c8e-26e28b7d4da0}" />
</objects>
