<?xml version="1.0" encoding="UTF-8"?>
<objects serializationModel="Studio.02.02.00">
	<object class="AudioFile" id="{124e30c3-f679-4e6c-a6f0-84ea261750c0}">
		<property name="assetPath">
			<value>SFX_Player_Steps_Cloth_Wet_07.wav</value>
		</property>
		<property name="frequencyInKHz">
			<value>44.0999985</value>
		</property>
		<property name="channelCount">
			<value>1</value>
		</property>
		<property name="length">
			<value>0.50058956916099773</value>
		</property>
		<relationship name="masterAssetFolder">
			<destination>{1908aab1-1e34-43a0-8d9a-889d86455d67}</destination>
		</relationship>
	</object>
</objects>
