<?xml version="1.0" encoding="UTF-8"?>
<objects serializationModel="Studio.02.02.00">
	<object class="AudioFile" id="{4e3a0946-b660-4c49-a180-332d2af92b0f}">
		<property name="assetPath">
			<value>SFX_Player_steps_Cloth_07.wav</value>
		</property>
		<property name="frequencyInKHz">
			<value>44.0999985</value>
		</property>
		<property name="channelCount">
			<value>1</value>
		</property>
		<property name="length">
			<value>1.3368480725623584</value>
		</property>
		<relationship name="masterAssetFolder">
			<destination>{1908aab1-1e34-43a0-8d9a-889d86455d67}</destination>
		</relationship>
	</object>
</objects>
